id,title,url,transaction_type,house_type,city,quartier,price_raw,price_numeric,surface_raw,surface_m2,rooms,bedrooms,bathrooms,features,description,main_image,images_count,scraped_date
8418008,Appartement duplex Majorelle terrasse,https://www.mubawab.ma/fr/a/8418008/appartement-duplex-majorelle-terrasse,Location,Duplex,Marrakech,Majorelle,1 850 DH,1850,125m²,125,3 Pièces,2 Chambres,2 Salles de bains,"Terrasse, Garage, Ascenseur, Concierge, Meublé, Salon européen, Climatisation, Double vitrage, Cuisine équipée, Réfrigérateur, Four, TV, Machine à laver, Micro-ondes, Internet","Idéalement situé dans le très recherché quartier de Majorelle, directement face aux célèbres jardins, ce bel appartement en duplex bénéficie d’un emplacement privilégié au cœur de Marrakech, tout en profitant d’une vue dégagée et d’un environnement particulièrement agréable. Développant une superficie d’environ 125 m², l’appartement séduit par son agencement sur deux niveaux, sa belle luminosité et ses ouvertures généreuses sur l’extérieur. Le...",https://www.mubawab-media.com/ad/8/418/008F/h/WhatsApp_Image_2026-09-15_at_16.51.03__1__83246749.avif,11,2026-09-21
8417242,Duplex 1 chambre couchage près d'amoud,https://www.mubawab.ma/fr/a/8417242/duplex-1-chambre-couchage-pr%C3%A8s-d-amoud,Location,Duplex,Marrakech,Autre / Centre,7 000 DH,7000,55m²,55,2 Pièces,1 Ch.,1 Salle de bain,"Terrasse, Garage, Ascenseur, Piscine, Meublé, Salon européen, Antenne parabolique, Climatisation, Chauffage central, Sécurité, Double vitrage, Cuisine équipée, Réfrigérateur, Four, TV, Machine à laver, Micro-ondes, Internet, Animaux domestiques autorisés","L'agence Votr'Concept immo met en location longue durée uniquement un magnifique duplex meublé situé au sein d'une résidence sécurisée près de la boulangerie Amoud. L'appartement est composé de : À l'étage : Une chambre parentale avec sa salle de bain et placards Au rez-de-chaussée : salon, Cuisine américaine, Sanitaire, y compris 2eme couchage Atouts : Proche de toute commodités Double vitrage partout donc pas de bruit Résidence avec pi...",https://www.mubawab-media.com/ad/8/417/242F/h/photo_0_83238656.avif,25,2026-09-21
8410398,Louez cet appartement à Guéliz. 3 pièces confortables. Fenêt...,https://www.mubawab.ma/fr/a/8410398/louez-cet-appartement-%C3%A0-gu%C3%A9liz-3-pi%C3%A8ces-confortables-fen%C3%AAtres-avec-double-vitrage-et-porte-blind%C3%A9e,Location,Duplex,Marrakech,Guéliz,9 000 DH,9000,90m²,90,3 Pièces,2 Chambres,1 Salle de bain,"Terrasse, Ascenseur, Climatisation, Sécurité, Double vitrage, Porte blindée, Four","À LOUER – MAGNIFIQUE APPARTEMENT À GUÉLIZ Emplacement privilégié à Guéliz, dans une résidence idéalement située, à proximité immédiate des commerces, restaurants, cafés et toutes les commodités. Ce beau duplex vide bénéficie d’une agréable configuration et d’une belle terrasse, idéale pour profiter d’un espace extérieur en plein cœur de Marrakech. Composition : * ️ 2 chambres * 1 salle de bain * 1 salle d’eau * Cuisine avec balcon * ️ Salo...",https://www.mubawab-media.com/ad/8/410/398F/h/photo_04_83162105.avif,14,2026-09-21
8410974,Superbe appartement duplex vide de 100 m² à l'Hivernage Long...,https://www.mubawab.ma/fr/a/8410974/superbe-appartement-duplex-vide-de-100-m%C2%B2-%C3%A0-l-hivernage-longue-dur%C3%A9e,Location,Duplex,Marrakech,Hivernage,10 000 DH,10000,100m²,100,4 Pièces,3 Chambres,2 Salles de bains,"Jardin, Terrasse, Garage, Ascenseur, Piscine, Salon européen, Antenne parabolique, Climatisation, Chauffage central, Sécurité, Double vitrage, Porte blindée, Cuisine équipée, Four","Situé dans le quartier prisé et recherché de l'Hivernage, ce bel appartement récent orienté sud offre un cadre de vie moderne, raffiné et lumineux. Agencement : 3 chambres avec parquet au sol, 2 salles de bains modernes, et un salon spacieux aux finitions en marbre. Cuisine séparée Confort : Climatisation, chauffage, double vitrage, ascenseur et garage sécurisé. Résidence : Piscine extérieure, espaces verts et terrasse commune. Emplacement : Proc...",https://www.mubawab-media.com/ad/8/410/974F/h/photo_0_83168239.avif,13,2026-09-21
8405503,Dublex 2 chambres à ezdihar location,https://www.mubawab.ma/fr/a/8405503/dublex-2-chambres-%C3%A0-ezdihar-location,Location,Duplex,Marrakech,Autre / Centre,10 000 DH,10000,88m²,88,3 Pièces,2 Chambres,2 Salles de bains,"Terrasse, Garage, Ascenseur, Piscine, Concierge, Meublé, Façade extérieure, Salon européen, Antenne parabolique, Climatisation, Sécurité, Cuisine équipée, Réfrigérateur, Four, TV, Machine à laver, Micro-ondes, Internet, Animaux domestiques autorisés",Très beau duplex meublé à ezdihar résidence sécurisée piscine parking pour la location longue,https://www.mubawab-media.com/ad/8/405/503F/h/photo_00_83109740.avif,15,2026-09-21
8075050,Beau duplex en RDC à la location longue durée uniquement pas...,https://www.mubawab.ma/fr/a/8075050/beau-duplex-en-rdc-%C3%A0-la-location-longue-dur%C3%A9e-uniquement-pas-de-sous-location-eubl%C3%A9-victor-hugo-surface-totale-97-m%C2%B2-avec-cour-anglaise-incluse,Location,Duplex,Marrakech,Victor Hugo,12 000 DH,12000,97m²,97,3 Pièces,2 Chambres,3 Salles de bains,"Terrasse, Garage, Ascenseur, Concierge, Meublé, Salon européen, Climatisation, Chauffage central, Sécurité, Cuisine équipée, Réfrigérateur, Four, Machine à laver","Worldwide transaction propose ce magnifique duplex à la location, longue durée, uniquement (pas de sous-location) Prix :12000 Dhs 2 chambres, 3 salles de bains, superficie 97 m². 3 pièces. Nouveau. Entièrement meublé. Cet appartement est à la location Victor hugo proche du lycée français Le duplex possède un parking en sous-sol Confort et sécurité avec service de conciergerie et climatisation",https://www.mubawab-media.com/ad/8/075/050F/h/photo_0_79604979.avif,16,2026-09-21
8384007,Charmant Duplex Au Cœur Du Hivernage,https://www.mubawab.ma/fr/a/8384007/charmant-duplex-au-c%C5%93ur-du-hivernage,Location,Duplex,Marrakech,Hivernage,12 000 DH,12000,126m²,126,3 Pièces,2 Chambres,2 Salles de bains,"Jardin, Garage, Concierge, Meublé, Salon Marocain, Antenne parabolique, Climatisation, Double vitrage, Cuisine équipée, Réfrigérateur, Four, TV, Machine à laver, Micro-ondes","Le 25 Immobilier vous propose à la location ce charmant duplex de 126 m², idéalement situé au cœur du véritable Hivernage, dans une résidence de charme offrant un cadre de vie calme et agréable, à proximité immédiate de toutes les commodités. Réparti sur deux niveaux, ce duplex séduit par son agencement fonctionnel et ses espaces de vie confortables. Au rez-de-chaussée, vous découvrirez un vaste salon lumineux, une cuisine avec espace salle...",https://www.mubawab-media.com/ad/8/384/007F/h/A3%202_82876368.avif,10,2026-09-21
8414672,Duplex meublé à victor Hugo,https://www.mubawab.ma/fr/a/8414672/duplex-meubl%C3%A9-%C3%A0-victor-hugo,Location,Duplex,Marrakech,Guéliz,12 000 DH,12000,100m²,100,4 Pièces,2 Chambres,2 Salles de bains,"Jardin, Meublé","Situé dans le quartier dynamique camp elghoul gueliz, à Marrakech, ce magnifique duplex offre une surface habitable généreuse de 100 mètres carrés, parfait pour ceux qui recherchent un espace confortable et spacieux. L'appartement est en très bon état et prêt à accueillir de nouveaux locataires. Avec deux chambres bien proportionnées et deux salles de bains modernes, c'est une option idéale pour les familles ou les professionnels qui souhaitent j...",https://www.mubawab-media.com/ad/8/414/672F/h/97690_83209895.avif,17,2026-09-21
8409752,Duplex meublé à louer à Guéliz Marrakech,https://www.mubawab.ma/fr/a/8409752/duplex-meubl%C3%A9-%C3%A0-louer-%C3%A0-gu%C3%A9liz-marrakech,Location,Duplex,Marrakech,Guéliz,12 000 DH,12000,120m²,120,6 Pièces,2 Chambres,2 Salles de bains,"Terrasse, Garage, Ascenseur, Concierge, Chambre rangement, Meublé, Salon européen, Antenne parabolique, Climatisation, Chauffage central, Sécurité, Double vitrage, Porte blindée, Cuisine équipée, Réfrigérateur, Four, TV, Machine à laver, Micro-ondes, Internet, Animaux domestiques autorisés","Magnifique appartement duplex en location meublé 120 m² situé à Guéliz au boulevard Mohamed VI au 4 eme étage avec ascenseur bien ensoleillé se compose de 1 grand salon avec balcon , 2 chambres à coucher avec placards dont une avec balcon , 1 belle cuisine avec buanderie , 1 toilette , 1 belle salle de bain , climatisation dans tous les pièces , des placards de rangement au salon et couloire , pas de vis a vis , parking sécurisé Les conditions...",https://www.mubawab-media.com/ad/8/409/752F/h/IMG-20260904-WA0003_1__83155019.avif,12,2026-09-21
8411514,Superbe appartement à louer à Hivernage. Surface de 140 m². ...,https://www.mubawab.ma/fr/a/8411514/superbe-appartement-%C3%A0-louer-%C3%A0-hivernage-surface-de-140-m%C2%B2-bien-meubl%C3%A9,Location,Duplex,Marrakech,Hivernage,12 000 DH,12000,140m²,140,5 Pièces,3 Chambres,2 Salles de bains,"Jardin, Meublé, Salon européen, Climatisation, Sécurité, Cuisine équipée, Réfrigérateur, Four, TV, Machine à laver","À LOUER – APPARTEMENT 3 CH MEUBLÉ STYLE DUPLEX HIVERNAGE Découvrez ce bel appartement meublé, style duplex, idéalement situé dans le quartier prisé de l’Hivernage à Marrakech. Il se compose de : • ️ 3 chambres • 2 salles de bains modernes • 1 WC • ️ 1 salon spacieux • ️ 1 cuisine ouverte • Un petit cour extérieur • 2 accès à l’appartement • 1er étage – sans ascenseur • ️ Entièrement meublé Emplacement privilégié : • À 12 min de Jemaa el-...",https://www.mubawab-media.com/ad/8/411/514F/h/photo_00_83174470.avif,13,2026-09-21
8331812,Superbe duplex à louer vide à Guéliz,https://www.mubawab.ma/fr/a/8331812/superbe-duplex-%C3%A0-louer-vide-%C3%A0-gu%C3%A9liz,Location,Duplex,Marrakech,Guéliz,12 000 DH,12000,180m²,180,5 Pièces,3 Chambres,3 Salles de bains,"Terrasse, Garage, Ascenseur, Concierge, Chambre rangement, Façade extérieure, Salon européen, Antenne parabolique, Cheminée, Climatisation, Chauffage central, Sécurité, Porte blindée, Internet, Animaux domestiques autorisés","Duplex à louer idéalement placé. Prix 12 000 DH. 3 chambres, 2 salles de bains wt une salle d’eau, 180 m². 5 pièces lumineuses. Bon état / habitable. Très belle Terrasse. La résidence est équipée d'un ascenseur et d'un parking. Cet appartement est proposé à la location à Guéliz. Résidence sécurisée Soyez le premier à visiter cet appartement à louer à Marrakech",https://www.mubawab-media.com/ad/8/331/812F/h/IMG_4161_82491978.avif,9,2026-09-21
8305549,Duplex Meublé 110 m² 3 Chambres Hivernage,https://www.mubawab.ma/fr/a/8305549/duplex-meubl%C3%A9-110-m%C2%B2-3-chambres-hivernage,Location,Duplex,Marrakech,Hivernage,12 000 DH,12000,110m²,110,5 Pièces,3 Chambres,2 Salles de bains,"Terrasse, Concierge, Chambre rangement, Meublé, Façade extérieure, Salon européen, Antenne parabolique, Climatisation, Sécurité, Double vitrage, Porte blindée, Cuisine équipée, Réfrigérateur, Four, TV, Machine à laver, Internet, Animaux domestiques autorisés","À louer longue durée, superbe duplex meublé situé à l'Hivernage dans une rue très calme. Duplex moderne avec grande hauteur sous plafond, très lumineux grâce aux grandes fenêtres. Disposition : Niveau 1 : Grand salon moderne Cuisine américaine entièrement équipée (four, lave-vaisselle, machine à laver, frigo, grand évier) Espace salle à manger Étage : Deuxième salon 3 chambres - Suite parentale avec salle de bain, toilette et balcon sans vis...",https://www.mubawab-media.com/ad/8/305/549F/h/SALON%20HAUTEUR_81988311.avif,14,2026-09-21
8357486,Magnifique Duplex Meublé Rénové Residence Targa,https://www.mubawab.ma/fr/a/8357486/magnifique-duplex-meubl%C3%A9-r%C3%A9nov%C3%A9-residence-targa,Location,Duplex,Marrakech,Targa,12 000 DH,12000,95m²,95,3 Pièces,2 Chambres,2 Salles de bains,"Garage, Ascenseur, Concierge, Chambre rangement, Meublé, Façade extérieure, Salon européen, Antenne parabolique, Climatisation, Sécurité, Double vitrage, Cuisine équipée, Réfrigérateur, Four, TV, Machine à laver, Micro-ondes, Internet","Location Duplex 2 chambres rénové Targa Nous vous proposons un duplex meublé à louer, situé dans une résidence à Targa, dans un environnement calme et sécurisé, à proximité de toutes les commodités. Caractéristiques du duplex : • Duplex de 90 m² • Composé de 2 chambres et 1 salon européen avec coin salle à manger • 2 salles de bain ( une avec douche et l'autre sans) • TV Smart dans les 3 pièces • Chambre parentale avec lit King Size • Chambre a...",https://www.mubawab-media.com/ad/8/357/486F/h/1780068758533_lzp9uxuocbp_8_82545939.avif,11,2026-09-21
8414543,Duplexe a louer 100 m² bd med VI Marrakech,https://www.mubawab.ma/fr/a/8414543/duplexe-a-louer-100-m%C2%B2-bd-med-vi-marrakech,Location,Duplex,Marrakech,Ménara,12 500 DH,12500,100m²,100,3 Pièces,2 Chambres,1 Salle de bain,"Terrasse, Garage, Ascenseur, Concierge, Meublé, Façade extérieure, Salon européen, Antenne parabolique, Climatisation, Sécurité, Cuisine équipée, Réfrigérateur, Four, TV, Machine à laver, Micro-ondes, Internet, Animaux domestiques autorisés","À LOUER : DUPLEX 100m² À PROXIMITÉ MÉNARA MALL – BOULEVARD Med VI MARRAKECH Vivez au calme tout en étant à 2 pas de tout Duplex lumineux de 100m² à louer dans un quartier recherché à proximité du Ménara Mall. Composition : Premier niveau Grand salon-séjour avec accès direct au balcon, 1 salle d’eau à l étage : 2 grandes chambres à coucher spacieuses 1 salle de bain Beaucoup de lumière naturelle et finitions soignées Atouts : Quartier calme e...",https://www.mubawab-media.com/ad/8/414/543F/h/studio_73_m__menara_moll_a_louer_83208392.avif,11,2026-09-21
8353963,Superbe duplex moderne sur résidence à Majorelle,https://www.mubawab.ma/fr/a/8353963/superbe-duplex-moderne-sur-r%C3%A9sidence-%C3%A0-majorelle,Location,Duplex,Marrakech,Majorelle,13 000 DH,13000,150m²,150,3 Pièces,2 Chambres,2 Salles de bains,"Piscine, Meublé, Salon européen, Sécurité","Nous mettons à la location longue durée un magnifique duplex moderne de 150 m², idéalement situé à Majorelle, dans une belle résidence sécurisée avec piscine collective. Le duplex se compose de : Au rez-de-chaussée : * Un salon * Un espace salle à manger * Une cuisine * Une salle de bain À l’étage : * Deux chambres * Une salle de bain Conditions : * 2 mois de caution * 1 mois de loyer * 1 mois de frais d’agence Pour plus d’informations ve...",https://www.mubawab-media.com/ad/8/353/963F/h/WhatsApp%20Image%202026-05-21%20at%2014.59.59%20%281%29_82505946.avif,16,2026-09-21
8413630,Duplex 2 chambres neuf proche Victor Hugo,https://www.mubawab.ma/fr/a/8413630/duplex-2-chambres-neuf-proche-victor-hugo,Location,Duplex,Marrakech,Victor Hugo,13 000 DH,13000,100m²,100,3 Pièces,2 Chambres,2 Salles de bains,"Garage, Meublé, Climatisation, Sécurité, Cuisine équipée","Maison 26 vous propose en location longue durée un magnifique duplex entièrement meublé, situé à 2 pas de l'école Victor Hugo, dans une résidence sécurisée. Caractéristiques du bien : Duplex de 100 m2 très lumineux et parfaitement agencé. Meublé avec goût, ambiance moderne chic, atmosphère chaleureuse. Composition : 2 chambres, chacune avec sa salle d’eau privative Placards de rangement dans les chambres Grand salon / salle à manger Cuisine ent...",https://www.mubawab-media.com/ad/8/413/630F/h/WhatsApp_Image_2026-09-10_at_17.15.40_83198398.avif,9,2026-09-21
8417599,À louer appartement d'exception Victor Hugo,https://www.mubawab.ma/fr/a/8417599/%C3%A0-louer-appartement-d-exception-victor-hugo,Location,Duplex,Marrakech,Guéliz,13 000 DH,13000,110m²,110,4 Pièces,2 Chambres,2 Salles de bains,"Garage, Meublé, Salon européen, Cuisine équipée","Situé dans le quartier prisé de Gueliz, cet appartement duplex entièrement meublé de 2 chambres est un véritable havre de paix. L’appartement comprend : Salon et salle à manger lumineux Cuisine entièrement équipée, parfaite pour les amateurs de cuisine 2 chambres spacieux et lumineux 2 salles de bains modernes et fonctionnelles Parking privé pour plus de commodité L'appartement offre un cadre de vie agréable et raffiné",https://www.mubawab-media.com/ad/8/417/599F/h/WhatsApp_Image_2026-09-17_at_11.56.38_83242494.avif,9,2026-09-21
8203115,Joli duplex 2 chambres meublé Majorlle,https://www.mubawab.ma/fr/a/8203115/joli-duplex-2-chambres-meubl%C3%A9-majorlle,Location,Duplex,Marrakech,Koutoubia,13 000 DH,13000,115m²,115,2 Pièces,2 Chambres,3 Salles de bains,"Jardin, Terrasse, Garage, Ascenseur, Piscine, Concierge, Meublé, Façade extérieure, Salon européen, Cheminée, Climatisation, Chauffage central, Sécurité, Cuisine équipée, Réfrigérateur, Four, TV, Machine à laver, Micro-ondes, Internet, Animaux domestiques autorisés","- JOLI DUPLEX 2 CHAMBRES MEUBLÉE AVEC PISCINE À LOUER-MARRAKECH : - Je vous propose à la location longue durée un duplex 2 chambres meublé moderne,d’une résidence fermée calme et sécurisée 24/24, avec piscine commune ,l’appartement est à 10 minutes de la place de jamaa lafna et la mosquée Koutoubia et à 20 minutes de l’aéroport Marrakech Ménara, au cœur de Marrakech ,dans un environnement calme,sécurisé,situé à Majorlle , il se compo...",https://www.mubawab-media.com/ad/8/203/115F/h/photo_0_82797983.avif,19,2026-09-21
8388540,Duplex 2 chambres avec sous location,https://www.mubawab.ma/fr/a/8388540/duplex-2-chambres-avec-sous-location,Location,Duplex,Marrakech,Camp El Ghoul,13 500 DH,13500,100m²,100,6 Pièces,2 Chambres,2 Salles de bains,"Terrasse, Garage, Concierge, Meublé, Salon européen, Antenne parabolique, Climatisation, Sécurité, Cuisine équipée, Réfrigérateur, Four, TV, Machine à laver, Micro-ondes, Internet","Découvrez ce magnifique duplex meublé situé dans le quartier recherché de **Camp El Ghoul**, offrant un cadre de vie agréable à proximité du centre-ville, des commerces, des écoles et de toutes les commodités. Réparti sur deux niveaux, ce bien se compose de : * 2 chambres spacieuses avec rangements. * Un salon lumineux et convivial. * Une cuisine entièrement équipée. * Une salle de bains moderne ainsi que des toilettes invités. * Espaces de vie...",https://www.mubawab-media.com/ad/8/388/540F/h/WhatsApp%20Image%202026-07-13%20at%2019.16.49%20%282%29_82926650.avif,17,2026-09-21
8418303,Magnifique duplex non meublé à louer à Guéliz,https://www.mubawab.ma/fr/a/8418303/magnifique-duplex-non-meubl%C3%A9-%C3%A0-louer-%C3%A0-gu%C3%A9liz,Location,Duplex,Marrakech,Guéliz,14 000 DH,14000,100m²,100,3 Pièces,2 Chambres,1 Salle de bain,"Jardin, Terrasse, Ascenseur, Concierge, Meublé, Climatisation, Chauffage central, Cuisine équipée, Four","Magnifique duplex non meublé à louer à Guéliz, Situé au sein d’une résidence neuve de standing, sécurisée et bien entretenue, ce superbe duplex moderne bénéficie d’un emplacement privilégié à proximité de toutes les commodités. L’agence immobilière Marrakesh Opportunity vous propose à la location ce duplex neuf non meublé, offrant des prestations de qualité et un cadre de vie agréable. Il se compose au rez-de-chaussée d’un spacieux salon lumin...",https://www.mubawab-media.com/ad/8/418/303F/h/Gemini_Generated_Image_v2im6yv2im6yv2im_83250055.avif,12,2026-09-21
8402977,Magnifique appartement duplex à louer à L’hivernage,https://www.mubawab.ma/fr/a/8402977/magnifique-appartement-duplex-%C3%A0-louer-%C3%A0-l%E2%80%99hivernage,Location,Duplex,Marrakech,Guéliz,15 000 DH,15000,125m²,125,3 Pièces,2 Chambres,2 Salles de bains,"Terrasse, Garage, Piscine, Concierge, Meublé, Salon européen, Climatisation, Sécurité, Cuisine équipée, Réfrigérateur, Four, TV, Machine à laver, Micro-ondes, Internet, Animaux domestiques autorisés","Appartement à louer – Centre de Guéliz Marrakech Emplacement privilégié : au cœur de Guéliz, à proximité du Café L’Escapade Superficie : 125 m² 2 chambres 2 salles de bain Place de parking au sous-sol Résidence bien située Loyer : 15 000 DH/mois Frais de syndic inclus",https://www.mubawab-media.com/ad/8/402/977F/h/photo_0_83265641.avif,19,2026-09-21
8369560,Moderne duplex meublé à louer à Guéliz,https://www.mubawab.ma/fr/a/8369560/moderne-duplex-meubl%C3%A9-%C3%A0-louer-%C3%A0-gu%C3%A9liz-,Location,Duplex,Marrakech,Guéliz,15 000 DH,15000,117m²,117,3 Pièces,2 Chambres,1 Salle de bain,"Terrasse, Garage, Ascenseur, Concierge, Meublé, Salon européen, Antenne parabolique, Climatisation, Chauffage central, Sécurité, Double vitrage, Porte blindée, Cuisine équipée, Réfrigérateur, Four, TV, Machine à laver, Micro-ondes","Moderne duplex meublé à louer à Guéliz, situé dans une résidence de standing fermée et sécurisée, à proximité immédiate de toutes les commodités. L’agence immobilière vous propose à la location ce charmant duplex meublé, alliant confort et modernité. Au rez-de-chaussée, il comprend un salon élégant, une cuisine entièrement équipée donnant accès à une agréable terrasse, ainsi que des toilettes invités. À l’étage, vous trouverez deux chambres à...",https://www.mubawab-media.com/ad/8/369/560F/h/Gemini_Generated_Image_vl5yjnvl5yjnvl5y_82715789.avif,12,2026-09-21
8417919,Beau duplex 3ch lumineux à Guéliz avec terrasse,https://www.mubawab.ma/fr/a/8417919/beau-duplex-3ch-lumineux-%C3%A0-gu%C3%A9liz-avec-terrasse,Location,Duplex,Marrakech,Guéliz,15 000 DH,15000,200m²,200,4 Pièces,3 Chambres,3 Salles de bains,"Terrasse, Garage, Ascenseur, Concierge, Chambre rangement, Meublé, Salon européen, Antenne parabolique, Climatisation, Sécurité, Double vitrage, Porte blindée, Cuisine équipée, Réfrigérateur, Four, TV, Machine à laver","Duplex de Haut Standing Meublé à Louer – Marrakech, Guéliz L’agence Tinass Immo vous propose à la location longue durée un magnifique appartement en duplex de haut standing de 200m² dont 135m² habitable une grande terrasse, situé en plein cœur du quartier dynamique et prisé de Guéliz, disponible immédiatement. Caractéristiques du bien : * Superbe duplex spacieux, en très bon état et très lumineux * Entièrement meublé et décoré avec goût * Be...",https://www.mubawab-media.com/ad/8/417/919F/h/118853_83245854.avif,10,2026-09-21
8329527,Duplex neuf meublé a louer,https://www.mubawab.ma/fr/a/8329527/duplex-neuf-meubl%C3%A9-a-louer,Location,Duplex,Marrakech,Guéliz,15 000 DH,15000,160m²,160,4 Pièces,3 Chambres,2 Salles de bains,"Jardin, Terrasse, Garage, Ascenseur, Piscine, Concierge, Meublé, Salon européen, Climatisation, Chauffage central, Sécurité, Double vitrage, Porte blindée, Cuisine équipée, Réfrigérateur, Four, TV, Machine à laver, Micro-ondes, Internet",Je mets en location longue durée un joli duplex de 3 CHAMBRES situé à SEMLALIA près de gueliz dans une résidence fermée et sécurisée avec piscine parking sous sol Pour plus d’informations n’hésitez surtout pas à nous contacter,https://www.mubawab-media.com/ad/8/329/527F/h/photo_0_83194152.avif,9,2026-09-21
8406716,Duplex ou villa pavillonnaire jardin privatif,https://www.mubawab.ma/fr/a/8406716/duplex-ou-villa-pavillonnaire-jardin-privatif,Location,Duplex,Marrakech,Autre / Centre,15 000 DH,15000,248m²,248,5 Pièces,3 Chambres,2 Salles de bains,"Jardin, Terrasse, Garage, Vue sur les montagnes, Piscine, Concierge, Chambre rangement, Façade extérieure, Salon Marocain, Salon européen, Antenne parabolique, Cheminée, Climatisation, Chauffage central, Sécurité, Double vitrage, Porte blindée, Cuisine équipée, Réfrigérateur, Four, Animaux domestiques autorisés","à louer vide de 3 chambres avec cheminée et une jolie terrasse dans une résidence avec piscine collective sur la route d'ourika ( 6 km de centre ) l'appartement a été entièrement rafraichi, il est composé de : • Rez-de-chaussée : - 2 chambres avec placards - 1 salle de bain, - 1 suite parentale avec sa salle de bain privée ( toutes les chambres ont accès au Jardin privatif) - 1 cuisine ouverte équipée avec une pièce pour stocker . • L’Etage : - D...",https://www.mubawab-media.com/ad/8/406/716F/h/01_1.jpg_83123389.avif,17,2026-09-21
8253542,Duplex menara garden 2,https://www.mubawab.ma/fr/a/8253542/duplex-menara-garden-2,Location,Duplex,Marrakech,Ménara,15 000 DH,15000,142m²,142,4 Pièces,3 Chambres,3 Salles de bains,"Terrasse, Garage, Ascenseur, Piscine, Chambre rangement, Meublé, Salon européen, Climatisation, Sécurité, Double vitrage, Cuisine équipée, Réfrigérateur, Four, TV, Machine à laver, Micro-ondes, Internet, Animaux domestiques autorisés","À LOUER – DUPLEX 142 m² MENARA GARDEN 2 – MARRAKECH Emplacement privilégié Idéalement situé à seulement 5 minutes de M Avenue, au sein de la résidence récente et sécurisée Menara Garden 2, avec de nombreux commerces à proximité immédiate. Surface totale : 142 m² Appartement libre immédiatement Rez-de-chaussée Grand salon avec belle hauteur sous plafond Salle à manger avec table pour 6 personnes Cuisine séparée et entièrement équi...",https://www.mubawab-media.com/ad/8/253/542F/h/WhatsApp%20Image%202026-08-24%20at%2014.20.24_83090170.avif,14,2026-09-21
8357151,Joli duplex 3 chambres vide piscine privé,https://www.mubawab.ma/fr/a/8357151/joli-duplex-3-chambres-vide-piscine-priv%C3%A9,Location,Duplex,Marrakech,Koutoubia,15 000 DH,15000,200m²,200,3 Pièces,3 Chambres,3 Salles de bains,"Jardin, Terrasse, Garage, Ascenseur, Vue sur mer, Piscine, Concierge, Meublé, Salon européen, Cheminée, Climatisation, Chauffage central, Sécurité, Double vitrage, Cuisine équipée, Réfrigérateur, Four, TV, Machine à laver, Micro-ondes, Internet, Animaux domestiques autorisés","- JOLI DUPLEX 3 CHAMBRES VIDE AVEC PISCINE À LOUER-MARRAKECH : - Je vous propose à la location longue durée un duplex 3 chambres vide moderne avec piscine prive et terrasse.Au niveau du Rez-de-chaussée d’une résidence de très haut standing ,l’appartement est à 10 minutes de la place de jamaa lafna et la mosquée Koutoubia et à 20 minutes de l’aéroport Marrakech Ménara,au cœur de Marrakech ,dans un environnement calme,sécurisé,avec accè...",https://www.mubawab-media.com/ad/8/357/151F/h/photo_0_82688347.avif,19,2026-09-21
8138895,PALMERAIE: Duplex 220 m2 3 Chs dernier étage,https://www.mubawab.ma/fr/a/8138895/palmeraie-duplex-220-m2-3-chs-dernier-%C3%A9tage,Location,Duplex,Marrakech,Palmeraie,15 000 DH,15000,220m²,220,5 Pièces,3 Chambres,2 Salles de bains,"Terrasse, Garage, Piscine, Concierge, Chambre rangement, Climatisation, Sécurité, Cuisine équipée, Réfrigérateur","Dans une résidence de standing, cet appartement de 220 mé en duplex dispose Au premier niveau : d'un très grand salon doublé, une salle à manger, une véranda, cuisine équipée, cabinet de toilette invité. A l'étage : 3 chambres dont une suite parentale, et 2 salles de bains, 2 terrasses. Appartement repeint à neuf, climatisation individuelle neuves, parfait état. Pas de vis à vis, calme et vue dégagée. Résidence sécurisée avec piscine, comme...",https://www.mubawab-media.com/ad/8/138/895F/h/photo_3_80237633.avif,28,2026-09-21
8417485,Duplex neuf 175 m² avec terrasse et piscine – Palmeraie Gate...,https://www.mubawab.ma/fr/a/8417485/duplex-neuf-175-m%C2%B2-avec-terrasse-et-piscine-%E2%80%93-palmeraie-gates,Location,Duplex,Marrakech,Palmeraie,15 500 DH,15500,175m²,175,4 Pièces,3 Chambres,2 Salles de bains,"Terrasse, Garage, Ascenseur, Piscine, Concierge, Meublé, Façade extérieure, Salon Marocain, Salon européen, Antenne parabolique, Cheminée, Climatisation, Chauffage central, Sécurité, Double vitrage, Porte blindée, Cuisine équipée, Réfrigérateur, Four, TV, Machine à laver, Micro-ondes, Internet, Animaux domestiques autorisés","Century 21 - Agence 7132 Real Estate vous propose à la location ce spacieux duplex de 175 m² habitables. Il se situe en rez-de-chaussée de Palmeraie Gates, une résidence neuve, moderne et sécurisée. La résidence offre un accès sécurisé avec gardien 24h/24 et 7j/7, une piscine collective et une place de parking titrée. Au rez-de-chaussée, vous trouverez une entrée et un WC invités avec lave-mains. La cuisine est aménagée et entièrement équipée...",https://www.mubawab-media.com/ad/8/417/485F/h/photo_0_83241451.avif,18,2026-09-21
8406615,À louer — Duplex meublé 213 m² Palmeraie,https://www.mubawab.ma/fr/a/8406615/%C3%A0-louer-%E2%80%94-duplex-meubl%C3%A9-213-m%C2%B2-palmeraie,Location,Duplex,Marrakech,Palmeraie,15 500 DH,15500,213m²,213,4 Pièces,3 Chambres,2 Salles de bains,"Garage, Piscine, Meublé, Climatisation, Sécurité, Cuisine équipée","À louer — duplex meublé et vacant d’environ 213 m² dans une résidence fermée et gardée de la Palmeraie. • 3 chambres • 2 salons principaux séparés • À l’entrée de la cuisine, un espace d’appoint avec canapé en L et table; cet espace ne fait pas partie des deux salons principaux • Cuisine équipée • Buanderie avec douche de service • Salle de bains privative avec baignoire pour la chambre principale • Deuxième salle de bains avec baignoire pour le...",https://www.mubawab-media.com/ad/8/406/615F/h/01-salon-corner_83122504.avif,13,2026-09-21
8267568,Beau duplex Bien situé au coeur de Gueliz,https://www.mubawab.ma/fr/a/8267568/beau-duplex-bien-situ%C3%A9-au-coeur-de-gueliz,Location,Duplex,Marrakech,Guéliz,16 000 DH,16000,102m²,102,3 Pièces,2 Chambres,1 Salle de bain,"Terrasse, Garage, Ascenseur, Concierge, Meublé, Salon européen, Antenne parabolique, Climatisation, Double vitrage, Cuisine équipée, Réfrigérateur, Four, TV, Machine à laver, Micro-ondes, Internet, Animaux domestiques autorisés","Description : Votre agence immobilière InMarrakech à le plaisir de vous proposer un beau duplex en rdc bien situé au cœur de Gueliz comprenant une entrée , salon, coin salle à manger, une belle cuisine, une terrasse , toilette réception et à l’étage deux chambres , une salle d’eau. -Place de Parking au sous-sol. NB : LA SOUS LOCATION EST STRICTEMENT INTERDITE. - N’hésitez pas à nous contacter au plus vite pour visiter ce bien ou d’autre produi...",https://www.mubawab-media.com/ad/8/267/568F/h/a6e356ba-48e0-495b-97e6-fcc1d176fc39_81583372.avif,25,2026-09-21
8267133,Beau duplex bien situé au coeur de Gueliz,https://www.mubawab.ma/fr/a/8267133/beau-duplex-bien-situ%C3%A9-au-coeur-de-gueliz,Location,Duplex,Marrakech,Guéliz,16 000 DH,16000,102m²,102,3 Pièces,2 Chambres,1 Salle de bain,"Terrasse, Garage, Ascenseur, Concierge, Meublé, Salon européen, Antenne parabolique, Climatisation, Double vitrage, Cuisine équipée, Réfrigérateur, Four, TV, Machine à laver, Micro-ondes, Internet, Animaux domestiques autorisés","Description : Votre agence immobilière HB-immo sur Marrakech à le plaisir de vous proposer un beau duplex en rdc bien situé au cœur de Gueliz comprenant une entrée , salon, coin salle à manger, une belle cuisine, une terrasse , toilette réception et à l’étage deux chambres , une salle d’eau. -Place de Parking au sous-sol. NB : LA SOUS LOCATION EST STRICTEMENT INTERDITE. - En cas de Location 1 mois HT d’honoraires agence sera perçu ! Découvrez...",https://www.mubawab-media.com/ad/8/267/133F/h/7925c881-96c9-4d99-9f0e-e1bfb210950d_81578863.avif,25,2026-09-21
8413028,Location duplex 3 chbres palmeraie,https://www.mubawab.ma/fr/a/8413028/location-duplex-3-chbres-palmeraie,Location,Duplex,Marrakech,Palmeraie,16 000 DH,16000,213m²,213,5 Pièces,3 Chambres,2 Salles de bains,"Jardin, Terrasse, Garage, Vue sur les montagnes, Concierge, Chambre rangement, Meublé, Salon européen, Cheminée, Climatisation, Double vitrage, Cuisine équipée, Réfrigérateur, Four, TV, Machine à laver","A LOUER - DUPLEX 3 CH - PALMERAIE Découvrez ce duplex meublé de 213 m² situé dans le secteur prisé de la Palmeraie à Marrakech. Ce bien spacieux se compose de deux salons principaux, complétés par un espace d'appoint convivial attenant à la cuisine, équipé d'un canapé en L. L'agencement comprend trois chambres, dont une suite parentale avec salle de bains privative et baignoire. Une seconde salle de bains avec baignoire dessert les deux autres...",https://www.mubawab-media.com/ad/8/413/028F/h/thumb_159199_property_large_83191236.avif,11,2026-09-21
8413636,Duplex 3 chambres neuf proche Victor Hugo,https://www.mubawab.ma/fr/a/8413636/duplex-3-chambres-neuf-proche-victor-hugo,Location,Duplex,Marrakech,Victor Hugo,16 000 DH,16000,144m²,144,4 Pièces,3 Chambres,2 Salles de bains,"Garage, Meublé, Climatisation, Sécurité, Cuisine équipée","Maison 26 vous propose en location longue durée un magnifique duplex entièrement meublé, situé à 2 pas de l'école Victor Hugo, dans une résidence sécurisée. Caractéristiques du bien : Duplex de 144 m2 très lumineux et parfaitement agencé. Meublé avec goût, ambiance moderne chic, atmosphère chaleureuse. Composition : 3 chambres, deux salles d’eau Placards de rangement dans les chambres Grand salon / salle à manger Cuisine entièrement équipée 1 W...",https://www.mubawab-media.com/ad/8/413/636F/h/WhatsApp_Image_2026-09-10_at_17.13.04_83198444.avif,12,2026-09-21
8414100,Duplex à louer,https://www.mubawab.ma/fr/a/8414100/duplex-%C3%A0-louer,Location,Duplex,Marrakech,Ménara,17 000 DH,17000,130m²,130,4 Pièces,3 Chambres,4 Salles de bains,"Terrasse, Climatisation, Cuisine équipée","DUPLEX À LOUER – MENARA GARDEN, MARRAKECH Découvrez ce magnifique duplex de 130 m², situé dans la résidence Menara Garden, offrant un cadre de vie moderne, lumineux et parfaitement agencé sur deux niveaux. Le bien propose : 3 chambres climatisées, dont une suite avec dressing Salon double hauteur sous plafond cathédrale Salle à manger élégante pour 6 personnes Cuisine entièrement équipée Salles de bain avec douche à l’italienne Terrasse privée...",https://www.mubawab-media.com/ad/8/414/100F/h/thumb_161740_property_large_83203679.avif,11,2026-09-21
8371557,"Duplex meublé à louer à Semlalia, Marrakech",https://www.mubawab.ma/fr/a/8371557/duplex-meubl%C3%A9-%C3%A0-louer-%C3%A0-semlalia-marrakech,Location,Duplex,Marrakech,Semlalia,18 000 DH,18000,160m²,160,5 Pièces,4 Chambres,2 Salles de bains,"Jardin, Garage, Ascenseur, Piscine, Concierge, Chambre rangement, Meublé, Façade extérieure, Salon Marocain, Salon européen, Antenne parabolique, Climatisation, Chauffage central, Sécurité, Double vitrage, Porte blindée, Cuisine équipée, Réfrigérateur, Four, TV, Machine à laver, Micro-ondes, Internet","L’Immobilier Sans Frontières vous propose à la location ce duplex meublé situé à Semlalia, Marrakech, en rez-de-chaussée, offrant un cadre de vie agréable et fonctionnel au sein d’une résidence avec prestations communes. D’une superficie de 160 m², ce duplex convient parfaitement à une location résidentielle pour une famille recherchant un logement spacieux et bien équipé. Ce duplex se compose de : Salon européen – Cuisine équipée – Suite parent...",https://www.mubawab-media.com/ad/8/371/557F/h/0%20image%20a%20la%20une%20Photo%20_82737940.avif,27,2026-09-21
8385005,Magnifique Duplex 3 suites,https://www.mubawab.ma/fr/a/8385005/magnifique-duplex-3-suites,Location,Duplex,Marrakech,Autre / Centre,25 000 DH,25000,260m²,260,5 Pièces,3 Chambres,4 Salles de bains,"Jardin, Terrasse, Garage, Ascenseur, Piscine, Concierge, Meublé, Salon européen, Cheminée, Climatisation, Chauffage central, Sécurité, Double vitrage, Cuisine équipée, Réfrigérateur, Four, TV, Machine à laver","Découvrez ce magnifique duplex meublé d'environ 260 m², situé au Jardin Abghour. Il se compose de 3 chambres, 3 salles de bain, 1 toilette invités, d'une cuisine entièrement équipée, d'une buanderie, ainsi que de 3 agréables terrasses. Une place de parking complète ce bien",https://www.mubawab-media.com/ad/8/385/005F/h/1000736894_82887630.avif,12,2026-09-21
8251724,"Loft de 175 m2 piscines, terasse & jacuzzi",https://www.mubawab.ma/fr/a/8251724/loft-de-175-m2-piscines-terasse-jacuzzi,Vente,Duplex,Marrakech,Autre / Centre,245 000 DH,245000,175m²,175,3 Pièces,2 Chambres,2 Salles de bains,"Jardin, Terrasse, Garage, Vue sur les montagnes, Piscine, Concierge, Chambre rangement, Meublé, Salon européen, Antenne parabolique, Climatisation, Chauffage central, Sécurité, Double vitrage, Porte blindée, Cuisine équipée, Réfrigérateur, Four, Machine à laver","Loft de 175 m2 piscines, terasse & jacuzzi Route de Ouarzazate à Marrakech Duplex haut standing à vendre 175 m² habitable à Marrakech Duplex moderne haut standing – Résidence sécurisée à Marrakech Résidence Oliver Palm Resort – Route de Ouarzazate (Km 6) À vendre : magnifique duplex de 175 m² habitable on ajoute a ça jardin et terrasse 64m2. Pour un total de 240 m2 situé dans une résidence calme, familiale et hautement sécurisée. Un bien rare...",https://www.mubawab-media.com/ad/8/251/724F/h/IMG_4015_83182868.avif,20,2026-09-21
7861571,Des appartements et duplex pensés pour votre confort,https://www.mubawab.ma/fr/pa/7861571/des-appartements-et-duplex-pens%C3%A9s-pour-votre-confort,Vente,Duplex,Marrakech,Autre / Centre,560 000 DH,560000,72m²,72,3 Pièces,2 Chambres,2 Salles de bains,"Jardin, Garage, Ascenseur, Concierge, Salon Marocain, Sécurité, Cuisine équipée","La résidence Al Anbar bénéficie d’un emplacement stratégique, proche des principaux services et des moyens de transport, garantissant confort et praticité au quotidien. Cette résidence moderne en R+4 se distingue par son architecture élégante, ses ascenseurs pour un accès facile et son parking souterrain offrant une sécurité optimale pour les résidents. Les appartements et duplex d’Al Anbar ont été conçus avec soin, proposant des finitions de...",https://www.mubawab-media.com/ad/7/861/571F/h/24-09-24%20ASSERMOUH%20-%20Rendus%203D%20S2-S3_Page_2_81102789.avif,4,2026-09-21
7861570,"Entre élégance, sécurité et convivialité",https://www.mubawab.ma/fr/pa/7861570/entre-%C3%A9l%C3%A9gance-s%C3%A9curit%C3%A9-et-convivialit%C3%A9,Vente,Duplex,Marrakech,Autre / Centre,609 000 DH,609000,76m²,76,3 Pièces,2 Chambres,2 Salles de bains,"Jardin, Garage, Ascenseur, Concierge, Salon Marocain, Sécurité, Cuisine équipée","La résidence Al Anbar bénéficie d’un emplacement stratégique, proche des principaux services et des moyens de transport, garantissant confort et praticité au quotidien. Cette résidence moderne en R+4 se distingue par son architecture élégante, ses ascenseurs pour un accès facile et son parking souterrain offrant une sécurité optimale pour les résidents. Les appartements et duplex d’Al Anbar ont été conçus avec soin, proposant des finitions de...",https://www.mubawab-media.com/ad/7/861/570F/h/24-09-24%20ASSERMOUH%20-%20Rendus%203D%20S2-S3_Page_3_81102800.avif,4,2026-09-21
8416362,Appartements et Duplex à Vendre à Targa VEPN26294,https://www.mubawab.ma/fr/a/8416362/appartements-et-duplex-%C3%A0-vendre-%C3%A0-targa-vepn26294,Vente,Duplex,Marrakech,Targa,645 000 DH,645000,43m²,43,3 Pièces,2 Chambres,2 Salles de bains,"Jardin, Terrasse, Piscine, Sécurité","Votre agence immobilière à Marrakech PRESTIGE GALLERY IMMO a le plaisir de vous présenter les appartements et duplex neufs de ce projet immobilier unique au cœur de Targa, à Marrakech, à proximité immédiate de Targa Fit Club. Pensé autour du concept « Habiter. Travailler. S’épanouir », ce projet immobilier mixte de nouvelle génération réunit plusieurs univers au sein d’une même destination : studios, appartements de 2 et 3 chambres, duplex, appa...",https://www.mubawab-media.com/ad/8/416/362F/h/17271_111703_601293632396268_83228503.avif,14,2026-09-21
8022549,Beau studio F2,https://www.mubawab.ma/fr/pa/8022549/beau-studio-f2,Vente,Duplex,Marrakech,Guéliz,648 000 DH,648000,44m²,44,2 Pièces,1 Ch.,1 Salle de bain,"Garage, Ascenseur, Concierge, Chambre rangement, Salon Marocain, Salon européen, Sécurité, Cuisine équipée","Vivez le Luxe au Cœur de Marrakech ! Découvrez Al Boughaz Gueliz Luxury 5 – Un projet immobilier unique qui redéfinit l’élégance urbaine. Vous rêvez d’un chez-vous élégant, moderne et idéalement situé à Marrakech ? Al Boughaz Gueliz Luxury 5 concrétise ce rêve avec des appartements et duplex d'exception, conçus pour allier confort, raffinement et accessibilité. À seulement 5 minutes de Gueliz, dans le quartier prisé de Mabrouka, ce proje...",https://www.mubawab-media.com/ad/8/022/549F/h/DSC05144_80635445.avif,11,2026-09-21
8219407,Des appartements et duplex pensés pour votre confort,https://www.mubawab.ma/fr/pa/8219407/des-appartements-et-duplex-pens%C3%A9s-pour-votre-confort,Vente,Duplex,Marrakech,Autre / Centre,656 000 DH,656000,82m²,82,4 Pièces,3 Chambres,2 Salles de bains,"Jardin, Garage, Ascenseur, Concierge, Salon Marocain, Sécurité, Cuisine équipée","La résidence Al Anbar bénéficie d’un emplacement stratégique, proche des principaux services et des moyens de transport, garantissant confort et praticité au quotidien. Cette résidence moderne en R+4 se distingue par son architecture élégante, ses ascenseurs pour un accès facile et son parking souterrain offrant une sécurité optimale pour les résidents. Les appartements et duplex d’Al Anbar ont été conçus avec soin, proposant des finitions de...",https://www.mubawab-media.com/ad/8/219/407F/h/24-09-24%20ASSERMOUH%20-%20Rendus%203D%20S2-S3_Page_3_81094124.avif,4,2026-09-21
7861568,Un cadre de vie pratique et convivial,https://www.mubawab.ma/fr/pa/7861568/un-cadre-de-vie-pratique-et-convivial,Vente,Duplex,Marrakech,Autre / Centre,656 000 DH,656000,82m²,82,4 Pièces,3 Chambres,1 Salle de bain,"Jardin, Garage, Ascenseur, Concierge, Salon Marocain, Sécurité, Cuisine équipée","La résidence Al Anbar bénéficie d’un emplacement stratégique, proche des principaux services et des moyens de transport, garantissant confort et praticité au quotidien. Cette résidence moderne en R+4 se distingue par son architecture élégante, ses ascenseurs pour un accès facile et son parking souterrain offrant une sécurité optimale pour les résidents. Les appartements et duplex d’Al Anbar ont été conçus avec soin, proposant des finitions de...",https://www.mubawab-media.com/ad/7/861/568F/h/24-09-24%20ASSERMOUH%20-%20Rendus%203D%20S2-S3_Page_3_81094106.avif,4,2026-09-21
8216689,Découvrez nos appartements contemporains,https://www.mubawab.ma/fr/pa/8216689/d%C3%A9couvrez-nos-appartements-contemporains,Vente,Duplex,Marrakech,Autre / Centre,656 000 DH,656000,82m²,82,4 Pièces,3 Chambres,2 Salles de bains,"Jardin, Garage, Ascenseur, Concierge, Salon Marocain, Sécurité, Cuisine équipée","La résidence Al Anbar bénéficie d’un emplacement stratégique, proche des principaux services et des moyens de transport, garantissant confort et praticité au quotidien. Cette résidence moderne en R+4 se distingue par son architecture élégante, ses ascenseurs pour un accès facile et son parking souterrain offrant une sécurité optimale pour les résidents. Les appartements et duplex d’Al Anbar ont été conçus avec soin, proposant des finitions de...",https://www.mubawab-media.com/ad/8/216/689F/h/24-09-24%20ASSERMOUH%20-%20Rendus%203D%20S2-S3_Page_2_81102781.avif,4,2026-09-21
8219409,Appartements élégants au cœur d’un cadre serein,https://www.mubawab.ma/fr/pa/8219409/appartements-%C3%A9l%C3%A9gants-au-c%C5%93ur-d%E2%80%99un-cadre-serein,Vente,Duplex,Marrakech,Autre / Centre,656 000 DH,656000,82m²,82,4 Pièces,3 Chambres,2 Salles de bains,"Jardin, Garage, Ascenseur, Concierge, Salon Marocain, Sécurité, Cuisine équipée","La résidence Al Anbar bénéficie d’un emplacement stratégique, proche des principaux services et des moyens de transport, garantissant confort et praticité au quotidien. Cette résidence moderne en R+4 se distingue par son architecture élégante, ses ascenseurs pour un accès facile et son parking souterrain offrant une sécurité optimale pour les résidents. Les appartements et duplex d’Al Anbar ont été conçus avec soin, proposant des finitions de...",https://www.mubawab-media.com/ad/8/219/409F/h/24-09-24%20ASSERMOUH%20-%20Rendus%203D%20S2-S3_Page_1_81102767.avif,4,2026-09-21
8219406,Un emplacement stratégique pour votre nouveau chez vous,https://www.mubawab.ma/fr/pa/8219406/un-emplacement-strat%C3%A9gique-pour-votre-nouveau-chez-vous,Vente,Duplex,Marrakech,Autre / Centre,656 000 DH,656000,82m²,82,4 Pièces,3 Chambres,2 Salles de bains,"Jardin, Garage, Ascenseur, Concierge, Salon Marocain, Sécurité, Cuisine équipée","La résidence Al Anbar bénéficie d’un emplacement stratégique, proche des principaux services et des moyens de transport, garantissant confort et praticité au quotidien. Cette résidence moderne en R+4 se distingue par son architecture élégante, ses ascenseurs pour un accès facile et son parking souterrain offrant une sécurité optimale pour les résidents. Les appartements et duplex d’Al Anbar ont été conçus avec soin, proposant des finitions de...",https://www.mubawab-media.com/ad/8/219/406F/h/24-09-24%20ASSERMOUH%20-%20Rendus%203D%20S2-S3_Page_2_81102775.avif,4,2026-09-21
8216690,Des espaces pensés pour votre bien être,https://www.mubawab.ma/fr/pa/8216690/des-espaces-pens%C3%A9s-pour-votre-bien-%C3%AAtre,Vente,Duplex,Marrakech,Autre / Centre,683 000 DH,683000,91m²,91,4 Pièces,3 Chambres,1 Salle de bain,"Jardin, Garage, Ascenseur, Concierge, Salon Marocain, Sécurité, Cuisine équipée","La résidence Al Anbar bénéficie d’un emplacement stratégique, proche des principaux services et des moyens de transport, garantissant confort et praticité au quotidien. Cette résidence moderne en R+4 se distingue par son architecture élégante, ses ascenseurs pour un accès facile et son parking souterrain offrant une sécurité optimale pour les résidents. Les appartements et duplex d’Al Anbar ont été conçus avec soin, proposant des finitions de...",https://www.mubawab-media.com/ad/8/216/690F/h/24-09-24%20ASSERMOUH%20-%20Rendus%203D%20S2-S3_Page_3_81094117.avif,4,2026-09-21
8216691,Architecture élégante et finitions de haute qualité,https://www.mubawab.ma/fr/pa/8216691/architecture-%C3%A9l%C3%A9gante-et-finitions-de-haute-qualit%C3%A9,Vente,Duplex,Marrakech,Autre / Centre,683 000 DH,683000,91m²,91,4 Pièces,3 Chambres,1 Salle de bain,"Jardin, Garage, Ascenseur, Concierge, Salon Marocain, Sécurité, Cuisine équipée","La résidence Al Anbar bénéficie d’un emplacement stratégique, proche des principaux services et des moyens de transport, garantissant confort et praticité au quotidien. Cette résidence moderne en R+4 se distingue par son architecture élégante, ses ascenseurs pour un accès facile et son parking souterrain offrant une sécurité optimale pour les résidents. Les appartements et duplex d’Al Anbar ont été conçus avec soin, proposant des finitions de...",https://www.mubawab-media.com/ad/8/216/691F/h/24-09-24%20ASSERMOUH%20-%20Rendus%203D%20S2-S3_Page_2_81094120.avif,4,2026-09-21
8138789,Unique studio duplex 63m2,https://www.mubawab.ma/fr/pa/8138789/unique-studio-duplex-63m2,Vente,Duplex,Marrakech,Guéliz,841 600 DH,841600,63m²,63,2 Pièces,1 Ch.,2 Salles de bains,"Garage, Ascenseur, Concierge, Chambre rangement, Salon Marocain, Salon européen, Sécurité, Cuisine équipée","Vivez le Luxe au Cœur de Marrakech ! Découvrez Al Boughaz Gueliz Luxury 5 – Un projet immobilier unique qui redéfinit l’élégance urbaine. Vous rêvez d’un chez-vous élégant, moderne et idéalement situé à Marrakech ? Al Boughaz Gueliz Luxury 5 concrétise ce rêve avec des appartements et duplex d'exception, conçus pour allier confort, raffinement et accessibilité. À seulement 5 minutes de Gueliz, dans le quartier prisé de Mabrouka, ce proje...",https://www.mubawab-media.com/ad/8/138/789F/h/Salon%201_81456012.avif,9,2026-09-21
8301463,Studio Duplex une chambre 44M² à Guéliz,https://www.mubawab.ma/fr/pa/8301463/studio-duplex-une-chambre-44m%C2%B2-%C3%A0-gu%C3%A9liz,Vente,Duplex,Marrakech,Guéliz,850 000 DH,850000,44m²,44,2 Pièces,1 Ch.,1 Salle de bain,"Garage, Ascenseur","Situé au cœur du nouveau quartier Guéliz, le projet Alcazar Living est un ensemble résidentiel en cours de construction, bénéficiant d’un emplacement stratégique à 4 minutes de la gare ferroviaire et à 6 minutes de Carré Eden. Pensé pour offrir un cadre de vie moderne et raffiné, Alcazar Living se distingue par une finition haut standing et des matériaux de qualité supérieure. La livraison du projet est prévue pour fin 2026. Le programme pr...",https://www.mubawab-media.com/ad/8/301/463F/h/2_81947434.avif,8,2026-09-21
8268937,Magnifique duplex à Guéliz. Surface de 66 m²,https://www.mubawab.ma/fr/pa/8268937/magnifique-duplex-%C3%A0-gu%C3%A9liz-surface-de-66-m%C2%B2,Vente,Duplex,Marrakech,Guéliz,881 200 DH,881200,66m²,66,2 Pièces,1 Ch.,2 Salles de bains,"Garage, Concierge, Chambre rangement, Façade extérieure, Salon Marocain, Salon européen, Sécurité, Cuisine équipée","Vivez le Luxe au Cœur de Marrakech ! Découvrez Al Boughaz Gueliz Luxury 5 – Un projet immobilier unique qui redéfinit l’élégance urbaine. Vous rêvez d’un chez-vous élégant, moderne et idéalement situé à Marrakech ? Al Boughaz Gueliz Luxury 5 concrétise ce rêve avec des appartements et duplex d'exception, conçus pour allier confort, raffinement et accessibilité. À seulement 5 minutes de Gueliz, dans le quartier prisé de Mabrouka, ce proje...",https://www.mubawab-media.com/ad/8/268/937F/h/Cuisine%20am%C3%A9ricaine_81597498.avif,19,2026-09-21
8138790,Duplex de luxe 2 chambres et salon,https://www.mubawab.ma/fr/pa/8138790/duplex-de-luxe-2-chambres-et-salon,Vente,Duplex,Marrakech,Guéliz,890 400 DH,890400,62m²,62,3 Pièces,2 Chambres,2 Salles de bains,"Garage, Ascenseur, Concierge, Chambre rangement, Salon Marocain, Salon européen, Sécurité, Cuisine équipée","Vivez le Luxe au Cœur de Marrakech ! Découvrez Al Boughaz Gueliz Luxury 3 – Un projet immobilier unique qui redéfinit l’élégance urbaine. Vous rêvez d’un chez-vous élégant, moderne et idéalement situé à Marrakech ? Al Boughaz Gueliz Luxury 3 concrétise ce rêve avec des appartements et duplex d'exception, conçus pour allier confort, raffinement et accessibilité. À seulement 5 minutes de Gueliz, dans le quartier prisé de Mabrouka, ce proje...",https://www.mubawab-media.com/ad/8/138/790F/h/WhatsApp%20Image%202025-07-03%20at%2012.21.11_80634943.avif,8,2026-09-21
8416751,Duplex 3 chambres à vendre,https://www.mubawab.ma/fr/a/8416751/duplex-3-chambres-%C3%A0-vendre,Vente,Duplex,Marrakech,Autre / Centre,900 000 DH,900000,108m²,108,4 Pièces,3 Chambres,3 Salles de bains,"Terrasse, Concierge","Duplex à vendre – Hay Charaf, Marrakech Bel appartement en duplex d’une superficie de 54 m² par étage, offrant une surface totale d’environ 108 m². Il se compose de 3 chambres, dont une chambre master, ainsi que deux chambres avec salles de bains séparées. Le bien dispose également d’un petit balcon. Un duplex fonctionnel et agréable, idéal pour une résidence principale ou un investissement",https://www.mubawab-media.com/ad/8/416/751F/h/photo_00_83233122.avif,10,2026-09-21
8147386,Appartements 2 chambre avec pissine a Marrakech,https://www.mubawab.ma/fr/a/8147386/appartements-2-chambre-avec-pissine-a-marrakech,Vente,Duplex,Marrakech,Autre / Centre,935 000 DH,935000,55m²,55,3 Pièces,2 Chambres,1 Salle de bain,"Garage, Ascenseur, Piscine, Concierge, Façade extérieure, Antenne parabolique, Climatisation, Chauffage central, Sécurité, Double vitrage, Porte blindée, Cuisine équipée, Four","Investissez dans un projet immobilier contemporain situé dans un quartier en pleine transformation, bien connecté aux principaux axes de Marrakech. Nous proposons la vente de l’intégralité du 4ᵉ étage d’une résidence moderne de 5 niveaux. Typologies disponibles : Studio, appartements 2 chambres salon lumineux, duplex Surfaces : de 55 m² Certaines unités disposent de terrasses allant jusqu’à 23 m² Prestations de la résidence : Pisci...",https://www.mubawab-media.com/ad/8/147/386F/h/WhatsApp%20Image%202026-05-13%20at%2015.04.41_82464792.avif,23,2026-09-21
8022552,Joli appart 2 chambres & salon à moins de 5min du centre Gue,https://www.mubawab.ma/fr/pa/8022552/joli-appart-2-chambres-salon-%C3%A0-moins-de-5min-du-centre-gueliz,Vente,Duplex,Marrakech,Guéliz,1 031 200 DH,1031200,74m²,74,3 Pièces,2 Chambres,2 Salles de bains,"Garage, Ascenseur, Concierge, Chambre rangement, Salon Marocain, Salon européen, Sécurité, Cuisine équipée","Vivez le Luxe au Cœur de Marrakech ! Découvrez Al Boughaz Gueliz Luxury 3 – Un projet immobilier unique qui redéfinit l’élégance urbaine. Vous rêvez d’un chez-vous élégant, moderne et idéalement situé à Marrakech ? Al Boughaz Gueliz Luxury 3 concrétise ce rêve avec des appartements et duplex d'exception, conçus pour allier confort, raffinement et accessibilité. À seulement 5 minutes de Gueliz, dans le quartier prisé de Mabrouka, ce proje...",https://www.mubawab-media.com/ad/8/022/552F/h/WhatsApp%20Image%202025-09-09%20%C3%A0%2017.10.21_d6395f09_81004321.avif,10,2026-09-21
8022547,Prestigieux appartement F3,https://www.mubawab.ma/fr/pa/8022547/prestigieux-appartement-f3,Vente,Duplex,Marrakech,Guéliz,1 072 600 DH,1072600,77m²,77,3 Pièces,2 Chambres,2 Salles de bains,"Garage, Ascenseur, Concierge, Chambre rangement, Salon Marocain, Salon européen, Sécurité, Cuisine équipée","Vivez le Luxe au Cœur de Marrakech ! Découvrez Al Boughaz Gueliz Luxury 5 – Un projet immobilier unique qui redéfinit l’élégance urbaine. Vous rêvez d’un chez-vous élégant, moderne et idéalement situé à Marrakech ? Al Boughaz Gueliz Luxury 5 concrétise ce rêve avec des appartements et duplex d'exception, conçus pour allier confort, raffinement et accessibilité. À seulement 5 minutes de Gueliz, dans le quartier prisé de Mabrouka, ce proje...",https://www.mubawab-media.com/ad/8/022/547F/h/WhatsApp%20Image%202025-09-17%20%C3%A0%2015.58.26_258c9b6b_81053319.avif,9,2026-09-21
8418538,Vente Appartement à hay charaf,https://www.mubawab.ma/fr/a/8418538/vente-appartement-%C3%A0-hay-charaf,Vente,Duplex,Marrakech,Autre / Centre,1 155 000 DH,1155000,82m²,82,3 Pièces,2 Chambres,2 Salles de bains,"Jardin, Garage","Vente d'un Duplex de 82 m² sur Hay Charaf à Marrakech. Lina BELKAS vous propose à la vente ce magnifique duplex d'une superficie de 82 m², idéalement situé à Marrakech dans un environnement agréable et facile d'accès. L'aménagement intérieur comprend un salon accueillant, deux chambres confortables, deux salles de bains fonctionnelles ainsi qu'une cuisine aménagée. Le véritable atout de ce duplex réside dans sa vaste cour privative, idéale pour...",https://www.mubawab-media.com/ad/8/418/538F/h/61c0e34bfd3cd824fb83_83253144.avif,11,2026-09-21
8263152,Bel appartement duplex à vendre à Guéliz. 2 belles chambres,https://www.mubawab.ma/fr/pa/8263152/bel-appartement-duplex-%C3%A0-vendre-%C3%A0-gu%C3%A9liz-2-belles-chambres,Vente,Duplex,Marrakech,Guéliz,1 180 000 DH,1180000,60m²,60,3 Pièces,2 Chambres,1 Salle de bain,"Garage, Ascenseur","Situé au cœur du nouveau quartier Guéliz, le projet Alcazar Living est un ensemble résidentiel en cours de construction, bénéficiant d’un emplacement stratégique à 4 minutes de la gare ferroviaire et à 6 minutes de Carré Eden. Pensé pour offrir un cadre de vie moderne et raffiné, Alcazar Living se distingue par une finition haut standing et des matériaux de qualité supérieure. La livraison du projet est prévue pour fin 2026. Le programme pr...",https://www.mubawab-media.com/ad/8/263/152F/h/IMG-20251127-WA0059_81530143_81530212.avif,15,2026-09-21
8000099,Duplex spacieux et accueillant à vendre à l'hivernage,https://www.mubawab.ma/fr/pa/8000099/duplex-spacieux-et-accueillant-%C3%A0-vendre-%C3%A0-l-hivernage,Vente,Duplex,Marrakech,Hivernage,1 185 000 DH,1185000,69m²,69,3 Pièces,2 Chambres,2 Salles de bains,"Jardin, Terrasse, Garage, Ascenseur, Façade extérieure, Sécurité, Cuisine équipée","Offrez-vous une expérience de vie unique à Marrakech avec les duplex d’Abwab Menara : un lieu où l’élégance se conjugue avec le confort quotidien. encours de construction livrable en 2027 - 2 chambres spacieuses - Salon sophistiqué - Finition haut standing Profitez des avantages d’un investissement sur plan avec des prix attractifs et un paiement flexible par tranches Emplacement stratégique : À 2 minutes de M. Avenue, 5 minutes de...",https://www.mubawab-media.com/ad/8/000/099F/h/Immobilier%20X7-%2030_78841724_78859360.avif,8,2026-09-21
8138778,Beau duplex 3 chambres de 83 m2,https://www.mubawab.ma/fr/pa/8138778/beau-duplex-3-chambres-de-83-m2,Vente,Duplex,Marrakech,Guéliz,1 188 600 DH,1188600,83m²,83,4 Pièces,3 Chambres,3 Salles de bains,"Garage, Ascenseur, Concierge, Chambre rangement, Salon Marocain, Salon européen, Sécurité, Cuisine équipée","Vivez le Luxe au Cœur de Marrakech ! Découvrez Al Boughaz Gueliz Luxury 5 – Un projet immobilier unique qui redéfinit l’élégance urbaine. Vous rêvez d’un chez-vous élégant, moderne et idéalement situé à Marrakech ? Al Boughaz Gueliz Luxury 5 concrétise ce rêve avec des appartements et duplex d'exception, conçus pour allier confort, raffinement et accessibilité. À seulement 5 minutes de Gueliz, dans le quartier prisé de Mabrouka, ce proje...",https://www.mubawab-media.com/ad/8/138/778F/h/WhatsApp%20Image%202025-07-03%20at%2011.27.21_82464267.avif,8,2026-09-21
8000157,Superbe duplex à vendre à l'hivernage,https://www.mubawab.ma/fr/pa/8000157/superbe-duplex-%C3%A0-vendre-%C3%A0-l-hivernage,Vente,Duplex,Marrakech,Hivernage,1 190 000 DH,1190000,70m²,70,3 Pièces,2 Chambres,1 Salle de bain,"Jardin, Terrasse, Garage, Ascenseur, Piscine, Façade extérieure, Salon Marocain, Salon européen, Sécurité","Découvrez ce magnifique duplex de 70 m² au cœur du prestigieux quartier de l'Hivernage. en cours de construction (livraison prévue au fin 2026)-Doté de 2 chambres lumineuses et bien agencées, -Chambres spacieuses -Salon raffiné -Finitions haut standing Profitez des avantages d’un investissement sur plan avec des prix attractifs et un paiement flexible par tranches Emplacement stratégique : À 2 minutes de M. Avenue, 5 minutes de la gare...",https://www.mubawab-media.com/ad/8/000/157F/h/Immobilier%20X7-%2026_78860053.avif,21,2026-09-21
8320222,Projet Appartements Haut Standing,https://www.mubawab.ma/fr/a/8320222/projet-appartements-haut-standing,Vente,Duplex,Marrakech,Guéliz,1 198 000 DH,1198000,42m²,42,1 Pièce,1 Ch.,1 Salle de bain,"Garage, Piscine, Climatisation","À Guéliz – Victor Hugo, découvrez une résidence de très haut standing proposant des biens d’exception à partir de 1.198.000 DHS et surface à partir de 42 m2 Ce projet moderne offre un cadre de vie élégant, alliant confort, design et prestations premium. La résidence propose différents types de biens adaptés à tous les besoins : studios modernes, appartements de 2 chambres et duplex spacieux de 3 chambres, conçus avec une architecture contempora...",https://www.mubawab-media.com/ad/8/320/222F/h/WhatsApp%20Image%202026-03-13%20at%2010.14.18%20%281%29_82142844.avif,8,2026-09-21
8306927,Un nouveau projet au cœur de quartier Géulize a Marrakech,https://www.mubawab.ma/fr/a/8306927/un-nouveau-projet-au-c%C5%93ur-de-quartier-g%C3%A9ulize-a-marrakech,Vente,Duplex,Marrakech,Autre / Centre,1 215 000 DH,1215000,45m²,45,2 Pièces,1 Ch.,1 Salle de bain,"Terrasse, Garage, Ascenseur, Vue sur les montagnes, Piscine, Concierge, Façade extérieure, Antenne parabolique, Climatisation, Chauffage central, Sécurité, Double vitrage, Porte blindée","Résidence de haut standing au cœur de la ville de Marrakech Découvrez un projet immobilier d’exception proposant des appartements et des studios et duplex de luxe aux finitions haut de gamme et au design contemporain, idéalement situé en plein centre-ville, à deux pas de la gare de train et du Théâtre Royal, offrant un cadre de vie dynamique et une mobilité optimale. La résidence met à votre disposition des prestations premium pour un confort a...",https://www.mubawab-media.com/ad/8/306/927F/h/photo_00_82002910.avif,12,2026-09-21
8000098,Duplex avec vue panoramique à vendre à l'hivernage,https://www.mubawab.ma/fr/pa/8000098/duplex-avec-vue-panoramique-%C3%A0-vendre-%C3%A0-l-hivernage,Vente,Duplex,Marrakech,Hivernage,1 295 000 DH,1295000,70m²,70,3 Pièces,2 Chambres,2 Salles de bains,"Jardin, Terrasse, Garage, Ascenseur, Piscine, Façade extérieure, Sécurité, Cuisine équipée",Offrez-vous une expérience de vie unique à Marrakech avec les appartements d’Abwab Menara : un lieu où l’élégance se conjugue avec le confort quotidien. encours de construction (livraison prévue fin 2027) - 2 chambres spacieuses - Salon sophistiqué - Finition haut standing Profitez des avantages d’un investissement sur plan avec des prix attractifs et un paiement flexible par tranches Emplacement stratégique : À 2 minutes de M. Avenue...,https://www.mubawab-media.com/ad/8/000/098F/h/Immobilier%20X7-%2011_78841725_78859355.avif,18,2026-09-21
8323467,Sublime pied à terre duplex coup de coeur,https://www.mubawab.ma/fr/a/8323467/sublime-pied-%C3%A0-terre-duplex-coup-de-coeur,Vente,Duplex,Marrakech,Victor Hugo,1 300 000 DH,1300000,59m²,59,2 Pièces,1 Ch.,2 Salles de bains,"Garage, Ascenseur, Concierge, Meublé, Façade extérieure, Salon européen, Cheminée, Climatisation, Sécurité, Double vitrage, Cuisine équipée, Réfrigérateur, Four, Machine à laver, Micro-ondes","Nous vous proposons dans le quartier de Victor Hugo à Marrakech, un sublime duplex de 59m2 habitables , entièrement rénové et vendu meublé et équipé. Nombreux rangement , expo sud, dans un esprit beldi- cosy- chic . Ideal pied à terre ou investissent locatif. Piece de vie avec une très belle hauteur sous plafond, cuisine équipée, salle d'eau et suite parentale à l'étage . cheminée à l'ethanol pour une ambiance chaleureuse, espace bureau en...",https://www.mubawab-media.com/ad/8/323/467F/h/4867-appartement-vente-marrakech-1_82175285.avif,12,2026-09-21
8419449,Opportunité duplex centre ville gueliz,https://www.mubawab.ma/fr/a/8419449/opportunit%C3%A9-duplex-centre-ville-gueliz,Vente,Duplex,Marrakech,Guéliz,1 330 000 DH,1330000,69m²,69,2 Pièces,1 Ch.,1 Salle de bain,"Garage, Ascenseur, Concierge, Chambre rangement, Meublé, Salon européen, Climatisation, Cuisine équipée, Réfrigérateur, Four, Machine à laver, Micro-ondes","Idéal investissement locatif ou pied-à-terre pour ce magnifique duplex clé en main de 69 m², situé dans une ruelle calme et très prisée du centre-ville. Caractéristiques clés :Superficie : 69 m² Étage : 4ᵉ avec ascenseur État : Vendu entièrement meublé, Résidence : Fermée et sécurisée. Atout majeur : Emplacement premium ultra recherché et au calme. Me contactez par WhatsApp pour plus d'informations",https://www.mubawab-media.com/ad/8/419/449F/h/WhatsApp_Image_2026-08-18_at_10.32.50__4__83262957.avif,12,2026-09-21
8300553,Somptueux Duplex à Marrakech Majorelle,https://www.mubawab.ma/fr/a/8300553/somptueux-duplex-%C3%A0-marrakech-majorelle,Vente,Duplex,Marrakech,Majorelle,1 450 000 DH,1450000,345m²,345,,,,,"Somptueux Duplex à Marrakech Majorelle vous propose ce duplex de 345 m², une résidence exceptionnelle qui offre un style de vie luxueux au cœur de Marrakech. Dès que vous franchissez la porte, vous serez séduit par le grand séjour lumineux doté de grandes baies vitrées qui inondent l'espace de lumière naturelle. La lumière traverse cet espace tout au long de la journée, créant une atmosphère chaleureuse et accueillante. La pièce maîtresse...",https://www.mubawab-media.com/ad/8/300/553F/h/fd5472c45ef9c9d87fb77cd9d12a07f9_81938131.avif,20,2026-09-21
8022551,Duplex 4 chambres livrable imediatement,https://www.mubawab.ma/fr/pa/8022551/duplex-4-chambres-livrable-imediatement,Vente,Duplex,Marrakech,Autre / Centre,1 635 000 DH,1635000,125m²,125,4 Pièces,3 Chambres,3 Salles de bains,"Jardin, Terrasse, Garage, Ascenseur, Concierge, Chambre rangement, Façade extérieure, Salon Marocain, Salon européen, Sécurité, Cuisine équipée","Découvrez ce magnifique duplex lumineux et spacieux, d’une surface de 125 m², situé au rez-de-chaussée d’une résidence sécurisée avec ascenseurs, parking sous-sol titré et espaces verts. Au rez-de-chaussée : • Un grand salon accueillant • Un séjour convivial • Une chambre à coucher avec dressing et balcon privatif • Une cuisine fonctionnelle avec balcon • Une salle de bain indépendante À l’étage : • Deux suites parentales, offrant cha...",https://www.mubawab-media.com/ad/8/022/551F/h/Salon%201_81457835.avif,9,2026-09-21
8413438,Gueliz duplex de 123m avec terrasse et piscine,https://www.mubawab.ma/fr/a/8413438/gueliz-duplex-de-123m-avec-terrasse-et-piscine,Vente,Duplex,Marrakech,Guéliz,1 700 000 DH,1700000,105m²,105,3 Pièces,2 Chambres,3 Salles de bains,"Terrasse, Garage, Piscine, Chambre rangement, Climatisation, Four","Le Meurice Immobilier vous propose à la vente un agréable duplex de **123 m²**, idéalement situé au cœur de Guéliz. Le duplex se répartit sur deux niveaux : **Au rez-de-chaussée – 81 m² :** * Un salon lumineux avec accès à une terrasse * Une cuisine ouverte * Un débarras * Une salle de bains pour invités **À l’étage – 42 m² :** * Deux belles suites, dont une bénéficiant de sa propre terrasse La résidence dispose également d’u...",https://www.mubawab-media.com/ad/8/413/438F/h/WhatsApp_Image_2026-09-10_at_13.37.59__1__83195719.avif,22,2026-09-21
8420003,"Duplex 3 chambres à vendre à Targa, Marrakech",https://www.mubawab.ma/fr/a/8420003/duplex-3-chambres-%C3%A0-vendre-%C3%A0-targa-marrakech,Vente,Duplex,Marrakech,Targa,1 700 000 DH,1700000,130m²,130,4 Pièces,3 Chambres,2 Salles de bains,Cuisine équipée,"Turnkey Real Estate Services vous propose ce duplex de 130 m² à vendre sur la route de Targa à Marrakech, à proximité des Palmiers de Targa. Réparti sur deux niveaux, il comprend trois chambres et deux salles de bain. Il dispose d’un séjour et d’une cuisine aménagée. Prix : 1 700 000 DH, hors frais d’agence (2,5 % à la charge de l’acquéreur). Pour obtenir plus d’informations ou organiser une visite, contactez-nous en indiquant la référence AVI...",https://www.mubawab-media.com/ad/8/420/003F/h/e0d8a631ea982209_83268917.avif,16,2026-09-21
8397716,Superbe Duplex 3 Chambres Avec Terrasse Piscine,https://www.mubawab.ma/fr/a/8397716/superbe-duplex-3-chambres-avec-terrasse-piscine,Vente,Duplex,Marrakech,Hivernage,1 750 000 DH,1750000,100m²,100,4 Pièces,3 Chambres,2 Salles de bains,"Terrasse, Garage, Ascenseur, Piscine, Concierge, Four","Le 25 Immobilier vous présente ce charmant duplex à vendre situé à l’Hivernage 2, l’un des quartiers en pleine évolution à Marrakech. D’une superficie de 100 m², ce duplex est situé dans une résidence bien entretenue avec piscine, offrant un cadre de vie confortable et agréable. Au rez-de-chaussée, il dispose d’un salon lumineux avec accès à une belle terrasse profitant d’une vue sur la piscine, d’une chambre avec placard également ouverte...",https://www.mubawab-media.com/ad/8/397/716F/h/IMG_3052._2K_202608061904_83027996.avif,9,2026-09-21
8129484,Duplux Neuf à Guéliz Livraison Immédiate,https://www.mubawab.ma/fr/a/8129484/duplux-neuf-%C3%A0-gu%C3%A9liz-livraison-imm%C3%A9diate,Vente,Duplex,Marrakech,Guéliz,1 800 000 DH,1800000,91m²,91,3 Pièces,2 Chambres,2 Salles de bains,"Jardin, Terrasse, Garage, Ascenseur, Piscine, Chambre rangement, Façade extérieure, Salon Marocain, Antenne parabolique, Climatisation, Chauffage central, Double vitrage, Porte blindée, Cuisine équipée, Four","Situé dans le quartier prisé de Semlalia à Guéliz, ce superbe duplex neuf de 91 m² offre un cadre de vie confortable et élégant, pensé pour répondre aux exigences modernes. Un véritable atout : une cour privative de 30 m², parfaite pour vos instants de détente en plein air. Descriptif du bien : Surface habitable : 91 m² Cour extérieure : 30 m² privative Composition : 2 chambres, grand salon, 2 salles de bains Cuisine équipée : four...",https://www.mubawab-media.com/ad/8/129/484F/h/3_80144800.avif,29,2026-09-21
8358119,Duplex 3 chambres 116m2 AL QARYA ASSIYAHIA,https://www.mubawab.ma/fr/a/8358119/duplex-3-chambres-116m2-al-qarya-assiyahia,Vente,Duplex,Marrakech,Médina,1 900 000 DH,1900000,116m²,116,6 Pièces,3 Chambres,2 Salles de bains,"Jardin, Garage, Vue sur les montagnes, Piscine, Concierge, Chambre rangement, Meublé, Salon Marocain, Antenne parabolique, Climatisation, Sécurité, Cuisine équipée, Réfrigérateur, Four, Machine à laver, Micro-ondes","Découvrez ce magnifique duplex meublé de 116 m², alliant le charme authentique de l’architecture marocaine au confort moderne, situé dans la prestigieuse résidence Al Qarya Assiyahia, à quelques minutes de la Médina historique de Marrakech. Réparti sur deux niveaux, ce bien offre 3 chambres confortables, de beaux espaces de vie lumineux, un salon marocain élégant, une salle à manger conviviale ainsi qu’une décoration raffinée mettant en valeur l...",https://www.mubawab-media.com/ad/8/358/119F/h/WhatsApp%20Image%202026-06-02%20at%2010.49.17%20%288%29_82552904.avif,27,2026-09-21
8408617,Sublime duplex d'architecte,https://www.mubawab.ma/fr/a/8408617/sublime-duplex-d-architecte,Vente,Duplex,Marrakech,Victor Hugo,1 900 000 DH,1900000,80m²,80,3 Pièces,2 Chambres,2 Salles de bains,"Chambre rangement, Meublé, Salon européen, Climatisation, Double vitrage, Cuisine équipée, Réfrigérateur, Four, Machine à laver","À vendre, magnifique duplex d'architecte de 80 m², entièrement meublé et décoré avec goût, idéalement situé dans le quartier très recherché de Victor Hugo. Ce bien d'exception offre des prestations haut de gamme, des volumes optimisés et une superbe luminosité. Les points forts du bien : Emplacement recherché : En plein cœur du quartier Victor Hugo, proche de toutes les commodités. Superficie : 80 m² intelligemment agencés par un architecte. ...",https://www.mubawab-media.com/ad/8/408/617F/h/IMG_3434_83140895.avif,30,2026-09-21
8227405,Duplex 3 chambres terrasse haut standing Guéliz,https://www.mubawab.ma/fr/a/8227405/duplex-3-chambres-terrasse-haut-standing-gu%C3%A9liz,Vente,Duplex,Marrakech,Guéliz,1 990 000 DH,1990000,156m²,156,5 Pièces,3 Chambres,2 Salles de bains,"Terrasse, Garage, Ascenseur, Concierge, Meublé, Salon européen, Climatisation, Chauffage central, Sécurité, Double vitrage, Cuisine équipée, Réfrigérateur, Four, Machine à laver, Micro-ondes","Magnifique appartement en duplex en plein cœur de Guéliz à Marrakech. 3 chambres 2 salles de bain 1 toilette invité Terrasse, cuisine équipée, grand salon séjour. Résidence haut standing. Top finitions Vendu meublé clé en main. Prix net vendeur : 1 990 000 DRH",https://www.mubawab-media.com/ad/8/227/405F/h/FullSizeRender%20%284%29_81148883.avif,20,2026-09-21
8306707,Un nouveau projet au cœur de quartier Géulize à Marrakech,https://www.mubawab.ma/fr/a/8306707/un-nouveau-projet-au-c%C5%93ur-de-quartier-g%C3%A9ulize-%C3%A0-marrakech,Vente,Duplex,Marrakech,Autre / Centre,2 100 000 DH,2100000,84m²,84,3 Pièces,2 Chambres,2 Salles de bains,"Jardin, Terrasse, Garage, Ascenseur, Vue sur les montagnes, Piscine, Concierge, Façade extérieure, Antenne parabolique, Climatisation, Chauffage central, Sécurité, Double vitrage","Résidence de haut standing au cœur de la ville de Marrakech Découvrez un projet immobilier d’exception proposant des appartements et des studios et duplex de luxe aux finitions haut de gamme et au design contemporain, idéalement situé en plein centre-ville, à deux pas de la gare de train et du Théâtre Royal, offrant un cadre de vie dynamique et une mobilité optimale. La résidence met à votre disposition des prestations premium pour un confort a...",https://www.mubawab-media.com/ad/8/306/707F/h/photo_00_82000512.avif,16,2026-09-21
8293887,Maison mitoyenne avec Hamam et Terrasse,https://www.mubawab.ma/fr/a/8293887/maison-mitoyenne-avec-hamam-et-terrasse,Vente,Duplex,Marrakech,Daoudiate,2 200 000 DH,2200000,93m²,93,5 Pièces,3 Chambres,3 Salles de bains,"Jardin, Terrasse, Chambre rangement, Entre-seul, Salon Marocain, Salon européen, Cheminée, Climatisation, Cuisine équipée, Réfrigérateur, Four, Machine à laver","Jemaa El Fna vous propose à la vente une maison mitoyenne de type duplex d’une superficie de 93 m², avec une cour intérieure de 20 m2 au rez-de-chaussée et une terrasse à l’étage . Le bien est situé à Daoudiate Amerchiche dans un quartier résidentiel recherché, ouvert, calme et bien entretenu, composé de maisons mitoyennes entouré de verdure, à seulement 10 minutes du centre ville. La maison est entièrement rénovée, très bien ensoleillée et ré...",https://www.mubawab-media.com/ad/8/293/887F/h/20260127_131102_81862685.avif,26,2026-09-21
8394852,Appartement à vendre à Samlalia. 3 chambres. Piscine et serv...,https://www.mubawab.ma/fr/a/8394852/appartement-%C3%A0-vendre-%C3%A0-samlalia-3-chambres-piscine-et-service-de-conciergerie,Vente,Duplex,Marrakech,Semlalia,2 250 000 DH,2250000,147m²,147,4 Pièces,3 Chambres,2 Salles de bains,"Garage, Ascenseur, Piscine, Concierge, Salon européen, Climatisation, Sécurité","NOUVEAUTÉ À LA VENTE – Duplex avec vue piscine à Marrakech ! Vous recherchez un appartement spacieux dans une résidence sécurisée ? Ce duplex en rez-de-chaussée pourrait bien être votre coup de cœur. ️ ️ 3 chambres ️ Duplex en rez-de-chaussée ️ Vue dégagée sur la piscine ️ Cuisine avec espace extérieur ️ Appartement titré ️ Place de parking titrée en sous-sol ️ Résidence sécurisée avec piscine ️ Vendu vide, prêt à être aménagé selon vos envies...",https://www.mubawab-media.com/ad/8/394/852F/h/photo_00_82997112.avif,15,2026-09-21
8363429,Magnifique duplex en vente 3 chambres gueliz,https://www.mubawab.ma/fr/a/8363429/magnifique-duplex-en-vente-3-chambres-gueliz,Vente,Duplex,Marrakech,Guéliz,2 300 000 DH,2300000,100m²,100,4 Pièces,3 Chambres,2 Salles de bains,"Terrasse, Garage, Ascenseur, Concierge, Chambre rangement, Salon Marocain, Salon européen, Antenne parabolique, Climatisation, Sécurité, Double vitrage, Four","un magnifique duplex neuf de 100 m², idéalement situé à deux pas du centre commercial Carré Eden. Ce bien de première main, jamais habité, a été réalisé avec des matériaux de construction haut de gamme et bénéficie d'une excellente finition ainsi que d'une isolation thermique et phonique de qualité pour un confort optimal. Au rez-de-chaussée : Un vaste salon lumineux avec cuisine ouverte Une chambre spacieuse Une salle de bain Une agréable...",https://www.mubawab-media.com/ad/8/363/429F/h/photo_00_82906337.avif,22,2026-09-21
8415510,Duplex En Vente Victor Hugo 173m2,https://www.mubawab.ma/fr/a/8415510/duplex-en-vente-victor-hugo-173m2,Vente,Duplex,Marrakech,Victor Hugo,2 400 000 DH,2400000,173m²,173,4 Pièces,2 Chambres,2 Salles de bains,"Terrasse, Garage, Ascenseur, Concierge, Façade extérieure, Salon européen, Antenne parabolique, Sécurité","DUPLEX À VENDRE – CAMP EL GHOUL / VICTOR HUGO – MARRAKECH JB Agency vous propose à la vente ce duplex en rez-de-chaussée de 173 m², situé dans une résidence récente de moins d’un an, dans le secteur recherché de Camp El Ghoul, juste derrière le Lycée Victor Hugo. Le bien dispose d’un fort potentiel d’aménagement et conviendra parfaitement à un acquéreur souhaitant personnaliser l’appartement selon ses goûts et créer un intérieur sur mesure. Ca...",https://www.mubawab-media.com/ad/8/415/510F/h/WhatsApp_Image_2026-09-14_at_13.51.13_83218992.avif,20,2026-09-21
8377434,Trouvez un appartement à acheter à Majorelle. 4 grandes cham...,https://www.mubawab.ma/fr/a/8377434/trouvez-un-appartement-%C3%A0-acheter-%C3%A0-majorelle-4-grandes-chambres-avec-ascenseur-balcon,Vente,Duplex,Marrakech,Majorelle,2 400 000 DH,2400000,130m²,130,4 Pièces,2 Chambres,3 Salles de bains,"Terrasse, Garage, Ascenseur, Piscine, Concierge, Réfrigérateur, Machine à laver","Ce duplex exquis situé dans le quartier vibrant de Majorelle à Marrakech offre un mélange de confort moderne et de design élégant. Avec une superficie spacieuse de 130 mètres carrés, cette propriété dispose de deux chambres bien aménagées et de trois salles de bains, garantissant amplement d'espace et d'intimité. Situé au premier étage, la propriété bénéficie d'une orientation à l'ouest, permettant à beaucoup de lumière naturelle de pénétrer, su...",https://www.mubawab-media.com/ad/8/377/434F/h/photo_00_82804442.avif,18,2026-09-21
8303027,Duplex à vendre en semi meublé aux jardins de la Palmeraie,https://www.mubawab.ma/fr/a/8303027/duplex-%C3%A0-vendre-en-semi-meubl%C3%A9-aux-jardins-de-la-palmeraie,Vente,Duplex,Marrakech,Palmeraie,2 500 000 DH,2500000,221m²,221,3 Pièces,3 Chambres,2 Salles de bains,"Jardin, Terrasse, Garage, Vue sur mer, Vue sur les montagnes, Concierge, Meublé, Salon européen, Climatisation, Sécurité, Double vitrage, Cuisine équipée, Réfrigérateur, Four, Micro-ondes","Duplex à vendre en semi meublé, situé dans une résidence sécurisée aux jardins de la palmeraie à Marrakech . ce magnifique duplex d’une superficie de 221 m², au 2ᵉ étage, offre un cadre de vie agréable et verdoyant. Il se compose de : * Au premier niveau : Un hall d’entrée Deux salons lumineux avec terrasse Une cuisine équipée avec buanderie Toilettes invités * À l’étage : Trois chambres spacieuses avec dressing et placards Deux salles de bains ...",https://www.mubawab-media.com/ad/8/303/027F/h/WhatsApp%20Image%202021-06-08%20at%2015.43.34%20%284%29_35263552_82125372.avif,30,2026-09-21
8418389,Duplex a Vendre avec jardin privatif,https://www.mubawab.ma/fr/a/8418389/duplex-a-vendre-avec-jardin-privatif,Vente,Duplex,Marrakech,Autre / Centre,2 500 000 DH,2500000,150m²,150,3 Pièces,2 Chambres,2 Salles de bains,"Jardin, Terrasse, Garage, Piscine, Concierge, Salon européen, Antenne parabolique, Climatisation, Double vitrage, Cuisine équipée, Réfrigérateur, Four","Description : Situé à l’extérieur de Marrakech, votre agence immobilière vous propose un duplex de 150m² dans domaine situé derrier Atacadao avec jardin comprenant deux chambres dont une chambre au rdc , salle de bain cuisine, salon et une chambre parentale à l’étage avec une terrasse et un solarium au-dessus, il dispose aussi d’un jardin privatif, -Place de parking. . le domaine possède deux piscine. N’hésitez pas à nous contacter au plus vite...",https://www.mubawab-media.com/ad/8/418/389F/h/457ffb67-afef-4ffb-87fe-3526e1b05d04_83251253.avif,29,2026-09-21
8402696,Duplex à vendre à la Palmeraie,https://www.mubawab.ma/fr/a/8402696/duplex-%C3%A0-vendre-%C3%A0-la-palmeraie,Vente,Duplex,Marrakech,Palmeraie,2 550 000 DH,2550000,217m²,217,4 Pièces,3 Chambres,3 Salles de bains,"Jardin, Garage, Piscine, Climatisation, Sécurité, Cuisine équipée","KARIM IMMO SUD vous propose à la vente un magnifique duplex situé au cœur de la prestigieuse Palmeraie de Marrakech. D’une superficie généreuse de 272 m2 ce bien offre un cadre de vie privilégié, alliant confort, espace, tranquillité et élégance, au sein d’une résidence sécurisée et soigneusement entretenue. Le duplex se compose de : Un grand salon lumineux, idéal pour recevoir et profiter de beaux moments en famille. 3 chambres à coucher, confor...",https://www.mubawab-media.com/ad/8/402/696F/h/photo_0_83080020.avif,30,2026-09-21
8315784,Duplex a vendre au cœur de la palmeraie,https://www.mubawab.ma/fr/a/8315784/duplex-a-vendre-au-c%C5%93ur-de-la-palmeraie,Vente,Duplex,Marrakech,Palmeraie,2 580 000 DH,2580000,272m²,272,7 Pièces,3 Chambres,2 Salles de bains,"Jardin, Terrasse, Garage, Ascenseur, Piscine, Antenne parabolique, Climatisation, Chauffage central, Sécurité, Double vitrage, Cuisine équipée",Je mets en vente un joli duplex de 272 m2 situé au cœur de la palmeraie dans une résidence avec piscine et sécurisée avec une vue panoramique en face de GOLF LE DUPLEX REZ DE CHAUSSÉE DEUX GRANDES SALONS CUISINE ÉQUIPÉE TOILETTE INVITÉ PREMIER ÉTAGE 3 CHAMBRES DONT UNE SUITE PARENTALE ET DEUX CHAMBRES AVEC TERRASSE VUE GOLF SALLE DE BAIN AVEC BAIGNOIRE Pour plus d’informations n’hésitez pas à nous contacter,https://www.mubawab-media.com/ad/8/315/784F/h/photo_0_82370979.avif,29,2026-09-21
8416920,Opportunité à saisir duplex terrasse,https://www.mubawab.ma/fr/a/8416920/opportunit%C3%A9-%C3%A0-saisir-duplex-terrasse,Vente,Duplex,Marrakech,Guéliz,2 600 000 DH,2600000,115m²,115,3 Pièces,2 Chambres,2 Salles de bains,"Terrasse, Garage, Concierge, Climatisation, Cuisine équipée","Opportunité à saisir · Duplex avec terrasse au cœur de Guéliz Propriétaire souhaitant concrétiser rapidement la vente. Prix négociable. À moins de 5 minutes du Carré Eden, découvrez ce duplex bénéficiant d’un emplacement particulièrement recherché au cœur de Guéliz, à proximité immédiate de toutes les commodités. D’une superficie de 115 m², complétée par environ 15 m² de terrasse, il offre de beaux volumes répartis sur deux niveaux. •...",https://www.mubawab-media.com/ad/8/416/920F/h/sejour_2_H_83235204.avif,12,2026-09-21
8350848,Duplex d’Exception avec Piscine Privée au Cœur de Guéliz – M...,https://www.mubawab.ma/fr/a/8350848/duplex-d%E2%80%99exception-avec-piscine-priv%C3%A9e-au-c%C5%93ur-de-gu%C3%A9liz-%E2%80%93-marrakech,Vente,Duplex,Marrakech,Guéliz,2 650 000 DH,2650000,120m²,120,3 Pièces,2 Chambres,2 Salles de bains,"Jardin, Garage, Ascenseur, Piscine, Salon européen, Antenne parabolique, Climatisation, Sécurité, Cuisine équipée","Découvrez ce magnifique duplex neuf de 93 m² habitables avec 30 m² de cour privative, situé dans une résidence haut standing en plein centre de Guéliz, à seulement 3 minutes à pied du Carré Eden. Composition du bien : ️ 2 chambres spacieuses dont une suite parentale avec salle de bain privative ️ Salon lumineux avec ouverture sur la cour ️ Cuisine moderne entièrement équipée ️ Salle de bain indépendante ️ Placards intégrés ️ Climatisation dans...",https://www.mubawab-media.com/ad/8/350/848F/h/photo_0_82473433.avif,1,2026-09-21
8366189,Très joli duplex à la vente palmeraie,https://www.mubawab.ma/fr/a/8366189/tr%C3%A8s-joli-duplex-%C3%A0-la-vente-palmeraie,Vente,Duplex,Marrakech,Palmeraie,3 100 000 DH,3100000,220m²,220,5 Pièces,3 Chambres,3 Salles de bains,,"Très bel appartement en duplex à vendre – Palmeraie, Marrakech Situé dans un cadre privilégié au cœur de la Palmeraie de Marrakech, ce magnifique duplex de 220 m² offre de beaux volumes et un cadre de vie agréable. Il se compose de : Un vaste salon lumineux Une salle à manger conviviale 3 chambres, dont une superbe suite parentale avec salle de bain privative Une cuisine fonctionnelle Espaces de vie généreux et bien agencés Ce bien alli...",https://www.mubawab-media.com/ad/8/366/189F/h/2d40a813-b709-469e-9365-a70a056535c3_82680456.avif,27,2026-09-21
8374323,Vente d'un bel Duplex à Guéliz. 2 chambres agréables,https://www.mubawab.ma/fr/pa/8374323/vente-d-un-bel-duplex-%C3%A0-gu%C3%A9liz-2-chambres-agr%C3%A9ables,Vente,Duplex,Marrakech,Guéliz,3 483 000 DH,3483000,221m²,221,4 Pièces,3 Chambres,2 Salles de bains,"Jardin, Terrasse, Garage, Piscine, Concierge, Climatisation, Chauffage central, Sécurité, Double vitrage, Porte blindée, Four","Tiffany – Résidence Fermée Haut Standing à Guéliz, Marrakech Découvrez Tiffany, une résidence fermée de standing idéalement située sur le Boulevard Hassan II à Guéliz, l'un des quartiers les plus recherchés de Marrakech. À seulement une minute de la gare ferroviaire, du Théâtre Royal et du Boulevard Mohammed VI, le projet bénéficie d'un emplacement privilégié offrant un accès rapide aux principaux centres d'affaires, commerces, restaurants et...",https://www.mubawab-media.com/ad/8/374/323F/h/IMG-20260630-WA0050_82767275_82767544.avif,27,2026-09-21
8374324,Vend duplex à Guéliz. Superficie 221 m²,https://www.mubawab.ma/fr/pa/8374324/vend-duplex-%C3%A0-gu%C3%A9liz-superficie-221-m%C2%B2,Vente,Duplex,Marrakech,Guéliz,3 483 000 DH,3483000,221m²,221,3 Pièces,2 Chambres,2 Salles de bains,Piscine,"Tiffany – Résidence Fermée Haut Standing à Guéliz, Marrakech Découvrez Tiffany, une résidence fermée de standing idéalement située sur le Boulevard Hassan II à Guéliz, l'un des quartiers les plus recherchés de Marrakech. À seulement une minute de la gare ferroviaire, du Théâtre Royal et du Boulevard Mohammed VI, le projet bénéficie d'un emplacement privilégié offrant un accès rapide aux principaux centres d'affaires, commerces, restaurants et...",https://www.mubawab-media.com/ad/8/374/324F/h/IMG-20260630-WA0062_82767267_82767562.avif,27,2026-09-21
8407364,Superbe appartement à vendre à Guéliz. Surface de 188 m². Te...,https://www.mubawab.ma/fr/a/8407364/superbe-appartement-%C3%A0-vendre-%C3%A0-gu%C3%A9liz-surface-de-188-m%C2%B2-terrasse-et-ascenseur,Vente,Duplex,Marrakech,Guéliz,3 500 000 DH,3500000,188m²,188,3 Pièces,2 Chambres,2 Salles de bains,"Terrasse, Garage, Ascenseur, Piscine, Concierge, Climatisation, Cuisine équipée, Four","Ce superbe appartement duplex situé dans le quartier prisé de Guéliz à Marrakech offre une surface généreuse de 188 m². Avec une orientation sud, l'espace est baigné de lumière naturelle, créant une atmosphère accueillante tout au long de la journée. Le bâtiment, moderne et élégant, est équipé d'un ascenseur pour un accès facile aux étages supérieurs. Le duplex se situe au premier étage d'une construction récente âgée de 1 à 5 ans, garantissant d...",https://www.mubawab-media.com/ad/8/407/364F/h/photo_0_83129956.avif,3,2026-09-21
7872125,Beau duplex à vendre à Guéliz. Surface totale 198 m². Meublé,https://www.mubawab.ma/fr/a/7872125/beau-duplex-%C3%A0-vendre-%C3%A0-gu%C3%A9liz-surface-totale-198-m%C2%B2-meubl%C3%A9,Vente,Duplex,Marrakech,Guéliz,3 500 000 DH,3500000,198m²,198,6 Pièces,4 Chambres,2 Salles de bains,"Jardin, Terrasse, Garage, Ascenseur, Concierge, Chambre rangement, Meublé, Façade extérieure, Salon Marocain, Salon européen, Antenne parabolique, Cheminée, Climatisation, Chauffage central, Sécurité, Double vitrage, Porte blindée, Cuisine équipée, Réfrigérateur, Four, Machine à laver, Micro-ondes","Beau duplex meublé à vendre au prix de 3.500.000 DH au centre ville Gueliz, pour plus d’informations prière de me contacter",https://www.mubawab-media.com/ad/7/872/125F/h/photo_00_68932436.avif,16,2026-09-21
8411927,"Duplex d’exception avec terrasse, Marrakech",https://www.mubawab.ma/fr/a/8411927/duplex-d%E2%80%99exception-avec-terrasse-marrakech,Vente,Duplex,Marrakech,Route de Safi,3 600 000 DH,3600000,278m²,278,4 Pièces,3 Chambres,2 Salles de bains,"Terrasse, Garage, Ascenseur, Concierge, Cheminée, Climatisation, Sécurité, Cuisine équipée","Découvrez ce magnifique duplex vide à vendre, d’une superficie de 278 m² dont 108 m² de terrasse sur 2 niveaux. Il est situé sur la route de Safi dans une rue calme et à proximité du centre-ville de Marrakech. Ce bien est en excellent état et dispose de beaux volumes intérieurs et extérieurs offrant un cadre de vie confortable, au sein d’une résidence bien entretenue et sécurisée. Le duplex se compose de 3 chambres dont 1 suite, d’un grand sal...",https://www.mubawab-media.com/ad/8/411/927F/h/WhatsApp_Image_2026-09-05_at_13.46.36__4__83178120.avif,10,2026-09-21
8252220,Superbe duplex de prestige en résidence fermée,https://www.mubawab.ma/fr/a/8252220/superbe-duplex-de-prestige-en-r%C3%A9sidence-ferm%C3%A9e,Vente,Duplex,Marrakech,Agdal,3 750 000 DH,3750000,243m²,243,6 Pièces,4 Chambres,3 Salles de bains,"Terrasse, Garage, Ascenseur, Piscine, Concierge, Chambre rangement, Salon européen, Cheminée, Climatisation, Cuisine équipée, Four","MARRAKECH JARDINS D'ABGHOUR - EXCLU YAKEEY - VENTE D'UN SUPERBE DUPLEX DE 170 M² HABITABLES (263 M² TITRÉS) - 4 CHAMBRES - 3 TERRASSES - 2 PLACES DE PARKING - 3.750.000 DHS Sur l'Agdal, au coeur de la prestigieuse résidence Les Jardins d'Abghour de TGCC (parcs, piscine, tennis, ...), au 2 derniers étages, vente d'un superbe duplex de 170 m² habitables, agrémenté de 3 terrasses pour plus de 70 m² supplémentaires et de 2 places de parking (20 m²...",https://www.mubawab-media.com/ad/8/252/220F/h/1_83189474.avif,12,2026-09-21
8371690,Duplex 1er ligne du golf à la Palmeraie,https://www.mubawab.ma/fr/a/8371690/duplex-1er-ligne-du-golf-%C3%A0-la-palmeraie,Vente,Duplex,Marrakech,Palmeraie,6 900 000 DH,6900000,450m²,450,3 Pièces,3 Chambres,3 Salles de bains,"Jardin, Terrasse, Vue sur les montagnes, Piscine, Concierge, Salon Marocain, Salon européen, Antenne parabolique, Cheminée, Climatisation, Chauffage central, Sécurité, Cuisine équipée, Réfrigérateur, Four, Machine à laver, Micro-ondes","Très beau duplex vendu vide, situé en 1er ligne de golf de la palmeraie, en face du Palmeraie Golf Palace et à proximité de Secret Garden; Il comprend 3 belles suites avec chacune sa salle de douche/bain, une dépendance pour le personnel. Un mur de marbre brisé donne accès à une cuisine moderne entièrement équipée, Les large terrasses qui l'entourent sont ouvertes sur l'exceptionnelle verdure de la palmeraie. Ce duplex est entièrement équipé de m...",https://www.mubawab-media.com/ad/8/371/690F/h/8ae2a0ca-c687-4570-b27c-c659b34d1c4c_82739543.avif,30,2026-09-21
8373671,Immeuble r3 à vendre 500 m² gueliz marrakech,https://www.mubawab.ma/fr/a/8373671/immeuble-r3-%C3%A0-vendre-500-m%C2%B2-gueliz-marrakech,Vente,Duplex,Marrakech,Guéliz,14 000 000 DH,14000000,500m²,500,6 Pièces,10 Chambres,1 Salle de bain,"Garage, Chambre rangement, Porte blindée, Cuisine équipée","Immeuble R3 d’une superficie de 500 m², idéal pour un projet immobilier à fort potentiel. Le bien est autorisé pour la réalisation de studios et de duplex, offrant plusieurs possibilités d’exploitation et de valorisation. Prix : 28 000 DH/m² Prix total : 14 000 000 DH",https://www.mubawab-media.com/ad/8/373/671F/h/images_83228972.avif,1,2026-09-21
